optimizer,floor,eval_kind,alpha_group,alpha_other,n,mean_gain_vs_raw,gain_ci95_half,positive_seed_count
native,0.05,scalar_grid_diagnostic,0.0,0.0,5,0.0,0.0,0
native,0.05,scalar_grid_diagnostic,0.05,0.05,5,0.00019471830929300714,1.68257740778362e-05,5
native,0.05,scalar_grid_diagnostic,0.1,0.1,5,0.00035056007860401195,2.9004645943303344e-05,5
native,0.05,scalar_grid_diagnostic,0.15,0.15,5,0.0004657653274450002,4.849918007403212e-05,5
native,0.05,scalar_grid_diagnostic,0.2,0.2,5,0.0005784926779075939,5.7955529233272125e-05,5
native,0.05,scalar_grid_diagnostic,0.25,0.25,5,0.0006698848459790518,5.853486768924324e-05,5
native,0.05,scalar_grid_diagnostic,0.3,0.3,5,0.0007365194761379534,7.469281862112016e-05,5
native,0.05,scalar_grid_diagnostic,0.35,0.35,5,0.000778666547121798,8.191619706155119e-05,5
native,0.05,scalar_grid_diagnostic,0.4,0.4,5,0.0007937926339417256,8.690597232133476e-05,5
native,0.05,scalar_grid_diagnostic,0.45,0.45,5,0.000793666554996797,9.337193520413318e-05,5
native,0.05,scalar_grid_diagnostic,0.5,0.5,5,0.0007585092313292296,9.46105240166981e-05,5
native,0.05,scalar_grid_diagnostic,0.55,0.55,5,0.0007107083186271623,9.790084195194625e-05,5
native,0.05,scalar_grid_diagnostic,0.6,0.6,5,0.0006496615902483516,9.957975389270573e-05,5
native,0.05,scalar_grid_diagnostic,0.65,0.65,5,0.0005480723090918183,0.00012637645311297917,5
native,0.05,scalar_grid_diagnostic,0.7,0.7,5,0.0004387176315918673,0.00013635256415459791,5
native,0.05,scalar_grid_diagnostic,0.75,0.75,5,0.0002957266788381041,0.0001451724685626208,5
native,0.05,scalar_grid_diagnostic,0.8,0.8,5,0.00013117090870768956,0.0001402159191265455,5
native,0.05,scalar_grid_diagnostic,0.85,0.85,5,-5.5626221299664993e-05,0.00015266290034265739,2
native,0.05,scalar_grid_diagnostic,0.9,0.9,5,-0.00025100316495692,0.00016533118893493013,0
native,0.05,scalar_grid_diagnostic,0.95,0.95,5,-0.0004760861387443693,0.00017550263195780283,0
native,0.05,scalar_grid_diagnostic,1.0,1.0,5,-0.0007335265331806174,0.00017171408231971222,0
native,0.05,structured_grid_diagnostic,0.0,0.0,5,0.0,0.0,0
native,0.05,structured_grid_diagnostic,0.0,0.125,5,4.9952379771278646e-05,2.3609896246443753e-05,5
native,0.05,structured_grid_diagnostic,0.0,0.25,5,4.4161416818155884e-05,7.234636286362588e-05,4
native,0.05,structured_grid_diagnostic,0.0,0.375,5,2.8038770036387107e-05,8.897073697870455e-05,4
native,0.05,structured_grid_diagnostic,0.0,0.5,5,-2.0632245011142913e-06,7.762461523646061e-05,3
native,0.05,structured_grid_diagnostic,0.0,0.625,5,-9.000469703952518e-05,9.465783942125288e-05,0
native,0.05,structured_grid_diagnostic,0.0,0.75,5,-0.0001932988326958096,0.0001095896474759368,0
native,0.05,structured_grid_diagnostic,0.0,0.875,5,-0.00031649913011539966,0.0001104461115423,0
native,0.05,structured_grid_diagnostic,0.0,1.0,5,-0.0005143336593679493,7.554289354742688e-05,0
native,0.05,structured_grid_diagnostic,0.125,0.0,5,0.0003738669567888042,3.0207121922918864e-05,5
native,0.05,structured_grid_diagnostic,0.125,0.125,5,0.0004189962247072909,3.350135728247182e-05,5
native,0.05,structured_grid_diagnostic,0.125,0.25,5,0.00041635031262461376,7.430535500142125e-05,5
native,0.05,structured_grid_diagnostic,0.125,0.375,5,0.0004077967800157012,7.971113881714903e-05,5
native,0.05,structured_grid_diagnostic,0.125,0.5,5,0.0003630678291396183,7.609909957420032e-05,5
native,0.05,structured_grid_diagnostic,0.125,0.625,5,0.000278899946892075,8.923621543527946e-05,5
native,0.05,structured_grid_diagnostic,0.125,0.75,5,0.00017979077728127457,9.784160890569404e-05,5
native,0.05,structured_grid_diagnostic,0.125,0.875,5,5.327645091846023e-05,0.00010720062534058283,4
native,0.05,structured_grid_diagnostic,0.125,1.0,5,-0.00013403113195042948,6.47680807650435e-05,0
native,0.05,structured_grid_diagnostic,0.25,0.0,5,0.0006314457643502802,4.988166931574148e-05,5
native,0.05,structured_grid_diagnostic,0.25,0.125,5,0.0006695440220469085,4.247431205244455e-05,5
native,0.05,structured_grid_diagnostic,0.25,0.25,5,0.0006698848459790518,5.853486768924324e-05,5
native,0.05,structured_grid_diagnostic,0.25,0.375,5,0.0006633787855578,8.05467169820215e-05,5
native,0.05,structured_grid_diagnostic,0.25,0.5,5,0.0006182942963997018,7.199268563293402e-05,5
native,0.05,structured_grid_diagnostic,0.25,0.625,5,0.0005325384410532318,8.411106242121167e-05,5
native,0.05,structured_grid_diagnostic,0.25,0.75,5,0.00043053717456067455,0.00010131774810481054,5
native,0.05,structured_grid_diagnostic,0.25,0.875,5,0.00030802058191805595,9.55975091068311e-05,5
native,0.05,structured_grid_diagnostic,0.25,1.0,5,0.00011537177679730171,6.263133508576223e-05,5
native,0.05,structured_grid_diagnostic,0.375,0.0,5,0.0007567301500808199,9.121247187074226e-05,5
native,0.05,structured_grid_diagnostic,0.375,0.125,5,0.0008026273993352983,6.954188158710097e-05,5
native,0.05,structured_grid_diagnostic,0.375,0.25,5,0.0008030048925721456,7.015209006374905e-05,5
native,0.05,structured_grid_diagnostic,0.375,0.375,5,0.0007940190814202275,8.723818485408936e-05,5
native,0.05,structured_grid_diagnostic,0.375,0.5,5,0.0007508811936929316,8.229674073031209e-05,5
native,0.05,structured_grid_diagnostic,0.375,0.625,5,0.0006715313835057302,8.028236307585024e-05,5
native,0.05,structured_grid_diagnostic,0.375,0.75,5,0.000578192247491982,9.814595356460086e-05,5
native,0.05,structured_grid_diagnostic,0.375,0.875,5,0.0004368417693223936,0.00010523779390553748,5
native,0.05,structured_grid_diagnostic,0.375,1.0,5,0.0002588445976701159,7.419299296637256e-05,5
native,0.05,structured_grid_diagnostic,0.5,0.0,5,0.0007800468173628783,0.0001117788433310738,5
native,0.05,structured_grid_diagnostic,0.5,0.125,5,0.000830773423563258,8.590992331496312e-05,5
native,0.05,structured_grid_diagnostic,0.5,0.25,5,0.0008295931386955502,8.339843771113892e-05,5
native,0.05,structured_grid_diagnostic,0.5,0.375,5,0.0008079498620932046,8.631453565823039e-05,5
native,0.05,structured_grid_diagnostic,0.5,0.5,5,0.0007585092313292296,9.46105240166981e-05,5
native,0.05,structured_grid_diagnostic,0.5,0.625,5,0.0006854705855708243,0.00010589041120582269,5
native,0.05,structured_grid_diagnostic,0.5,0.75,5,0.0005860490852060973,0.00011205498870522489,5
native,0.05,structured_grid_diagnostic,0.5,0.875,5,0.0004547178168619492,0.00010778222193121525,5
native,0.05,structured_grid_diagnostic,0.5,1.0,5,0.0002863604410781928,9.411594491716348e-05,5
native,0.05,structured_grid_diagnostic,0.625,0.0,5,0.0006729406394259119,0.00014931118749180432,5
native,0.05,structured_grid_diagnostic,0.625,0.125,5,0.0007228651899114258,9.869943765206103e-05,5
native,0.05,structured_grid_diagnostic,0.625,0.25,5,0.0007296905703258361,0.0001084755899996695,5
native,0.05,structured_grid_diagnostic,0.625,0.375,5,0.0007150084944065771,0.00010053747835427965,5
native,0.05,structured_grid_diagnostic,0.625,0.5,5,0.000670350226544425,0.00010160209510985468,5
native,0.05,structured_grid_diagnostic,0.625,0.625,5,0.0006037049144550721,0.00011492153255298518,5
native,0.05,structured_grid_diagnostic,0.625,0.75,5,0.0004958681911399143,0.00011900349321630119,5
native,0.05,structured_grid_diagnostic,0.625,0.875,5,0.0003727645358893028,0.00012628307735467397,5
native,0.05,structured_grid_diagnostic,0.625,1.0,5,0.00019280196684094973,0.0001177821479593045,5
native,0.05,structured_grid_diagnostic,0.75,0.0,5,0.00046672469014117366,0.00016210686321114392,5
native,0.05,structured_grid_diagnostic,0.75,0.125,5,0.0005232782893482835,0.00012356806767747762,5
native,0.05,structured_grid_diagnostic,0.75,0.25,5,0.0005218130522371301,0.00011555546728859101,5
native,0.05,structured_grid_diagnostic,0.75,0.375,5,0.0005062728040932107,0.00011710032885529604,5
native,0.05,structured_grid_diagnostic,0.75,0.5,5,0.0004531041057723062,0.00012512156232700878,5
native,0.05,structured_grid_diagnostic,0.75,0.625,5,0.000396520643948195,0.00013640444666618032,5
native,0.05,structured_grid_diagnostic,0.75,0.75,5,0.0002957266788381041,0.0001451724685626208,5
native,0.05,structured_grid_diagnostic,0.75,0.875,5,0.0001592506229238122,0.00014045834342513223,5
native,0.05,structured_grid_diagnostic,0.75,1.0,5,-3.8136257555443366e-06,0.0001374126482137272,2
native,0.05,structured_grid_diagnostic,0.875,0.0,5,0.00014859993106881576,0.0001861090182863719,4
native,0.05,structured_grid_diagnostic,0.875,0.125,5,0.00020398506940084716,0.00015065991704567834,5
native,0.05,structured_grid_diagnostic,0.875,0.25,5,0.00021287263697433723,0.00013150531557941494,5
native,0.05,structured_grid_diagnostic,0.875,0.375,5,0.00020130935970699148,0.00013693378451741492,5
native,0.05,structured_grid_diagnostic,0.875,0.5,5,0.00014270901526822755,0.00013485006382982538,5
native,0.05,structured_grid_diagnostic,0.875,0.625,5,8.833352852946063e-05,0.00015033094211119646,3
native,0.05,structured_grid_diagnostic,0.875,0.75,5,-1.8295087028707967e-05,0.000160403245764927,2
native,0.05,structured_grid_diagnostic,0.875,0.875,5,-0.00014730203539516928,0.00015878177744610406,1
native,0.05,structured_grid_diagnostic,0.875,1.0,5,-0.0003080130433817274,0.0001624488959957816,0
native,0.05,structured_grid_diagnostic,1.0,0.0,5,-0.0002817921585120065,0.00021340745231142758,0
native,0.05,structured_grid_diagnostic,1.0,0.125,5,-0.00021669415866658602,0.00016531489209314348,0
native,0.05,structured_grid_diagnostic,1.0,0.25,5,-0.0002146738372369672,0.00015463359324408571,0
native,0.05,structured_grid_diagnostic,1.0,0.375,5,-0.00023237094301538087,0.00015459417441798798,0
native,0.05,structured_grid_diagnostic,1.0,0.5,5,-0.00028565760614864823,0.00015201362310899067,0
native,0.05,structured_grid_diagnostic,1.0,0.625,5,-0.0003330082907228693,0.0001711054123608631,0
native,0.05,structured_grid_diagnostic,1.0,0.75,5,-0.00043407669803312564,0.00017289028895828236,0
native,0.05,structured_grid_diagnostic,1.0,0.875,5,-0.0005684799652161399,0.0001708893520965688,0
native,0.05,structured_grid_diagnostic,1.0,1.0,5,-0.0007335265331806174,0.00017171408231971222,0
native,0.1,scalar_grid_diagnostic,0.0,0.0,5,0.0,0.0,0
native,0.1,scalar_grid_diagnostic,0.05,0.05,5,0.0003714475444037024,5.340168389490666e-06,5
native,0.1,scalar_grid_diagnostic,0.1,0.1,5,0.0007100165144026782,4.20711305747204e-05,5
native,0.1,scalar_grid_diagnostic,0.15,0.15,5,0.001012129619813562,5.913702786384611e-05,5
native,0.1,scalar_grid_diagnostic,0.2,0.2,5,0.0012699776940915618,4.936380124313179e-05,5
native,0.1,scalar_grid_diagnostic,0.25,0.25,5,0.0014986575151648917,7.568266966083855e-05,5
native,0.1,scalar_grid_diagnostic,0.3,0.3,5,0.001694748087768616,8.10139335815721e-05,5
native,0.1,scalar_grid_diagnostic,0.35,0.35,5,0.0018477615181346607,0.00010795545233949796,5
native,0.1,scalar_grid_diagnostic,0.4,0.4,5,0.0019776615123560325,0.00010118123556200571,5
native,0.1,scalar_grid_diagnostic,0.45,0.45,5,0.0020577365770019897,0.00013311074207086242,5
native,0.1,scalar_grid_diagnostic,0.5,0.5,5,0.002102393385783552,0.00013616080802115384,5
native,0.1,scalar_grid_diagnostic,0.55,0.55,5,0.0021129689033588138,0.00015384029539593704,5
native,0.1,scalar_grid_diagnostic,0.6,0.6,5,0.002088487019717489,0.0001708012728526619,5
native,0.1,scalar_grid_diagnostic,0.65,0.65,5,0.0020341875105965635,0.0001824060432955303,5
native,0.1,scalar_grid_diagnostic,0.7,0.7,5,0.0019403905479372873,0.0001856014314850022,5
native,0.1,scalar_grid_diagnostic,0.75,0.75,5,0.0018185257869525629,0.00020975547284367768,5
native,0.1,scalar_grid_diagnostic,0.8,0.8,5,0.0016562186170093085,0.00020881812685769565,5
native,0.1,scalar_grid_diagnostic,0.85,0.85,5,0.001456831905537337,0.00022858781495434932,5
native,0.1,scalar_grid_diagnostic,0.9,0.9,5,0.001241148360425548,0.0002573741472668669,5
native,0.1,scalar_grid_diagnostic,0.95,0.95,5,0.0009803619081133253,0.0002624976443239141,5
native,0.1,scalar_grid_diagnostic,1.0,1.0,5,0.0006910549916643749,0.0002779279688729375,5
native,0.1,structured_grid_diagnostic,0.0,0.0,5,0.0,0.0,0
native,0.1,structured_grid_diagnostic,0.0,0.125,5,0.0001076540016384353,3.2995698099552935e-05,5
native,0.1,structured_grid_diagnostic,0.0,0.25,5,0.0001856187651912311,4.860996926673959e-05,5
native,0.1,structured_grid_diagnostic,0.0,0.375,5,0.0002241812871940585,6.841110603509442e-05,5
native,0.1,structured_grid_diagnostic,0.0,0.5,5,0.00022455511812724538,8.628133037375569e-05,5
native,0.1,structured_grid_diagnostic,0.0,0.625,5,0.00018221802716489321,0.00010768341548203707,5
native,0.1,structured_grid_diagnostic,0.0,0.75,5,0.00010914240241231,0.00013502904740148714,5
native,0.1,structured_grid_diagnostic,0.0,0.875,5,-6.367041848731603e-06,0.00017405167409201982,1
native,0.1,structured_grid_diagnostic,0.0,1.0,5,-0.00015584214897348402,0.00020246963808369137,1
native,0.1,structured_grid_diagnostic,0.125,0.0,5,0.0007585817479933254,2.0424275612082073e-05,5
native,0.1,structured_grid_diagnostic,0.125,0.125,5,0.0008718008456229498,4.7486429295988e-05,5
native,0.1,structured_grid_diagnostic,0.125,0.25,5,0.0009433257527139194,6.318575368335554e-05,5
native,0.1,structured_grid_diagnostic,0.125,0.375,5,0.0009666512535225546,7.100420451075956e-05,5
native,0.1,structured_grid_diagnostic,0.125,0.5,5,0.0009659882299782651,9.676556777092214e-05,5
native,0.1,structured_grid_diagnostic,0.125,0.625,5,0.0009151583940389951,0.00012067509188696874,5
native,0.1,structured_grid_diagnostic,0.125,0.75,5,0.0008441468053269841,0.00013701657145461172,5
native,0.1,structured_grid_diagnostic,0.125,0.875,5,0.0007094127881355217,0.00017566663134542336,5
native,0.1,structured_grid_diagnostic,0.125,1.0,5,0.000549414990107211,0.00020155414338706806,5
native,0.1,structured_grid_diagnostic,0.25,0.0,5,0.001337926171348025,3.629297303368357e-05,5
native,0.1,structured_grid_diagnostic,0.25,0.125,5,0.0014340602414542492,5.5530382332673786e-05,5
native,0.1,structured_grid_diagnostic,0.25,0.25,5,0.0014986575151648917,7.568266966083855e-05,5
native,0.1,structured_grid_diagnostic,0.25,0.375,5,0.001523524643174712,8.742456779740108e-05,5
native,0.1,structured_grid_diagnostic,0.25,0.5,5,0.0015173653961354284,9.440774863586559e-05,5
native,0.1,structured_grid_diagnostic,0.25,0.625,5,0.0014547504646201137,0.00010503938696817468,5
native,0.1,structured_grid_diagnostic,0.25,0.75,5,0.001367741499328412,0.00013951064275812065,5
native,0.1,structured_grid_diagnostic,0.25,0.875,5,0.001239277475650269,0.00017545053963013757,5
native,0.1,structured_grid_diagnostic,0.25,1.0,5,0.0010818750177376657,0.00019105414100306707,5
native,0.1,structured_grid_diagnostic,0.375,0.0,5,0.001744915635840627,7.443290896105162e-05,5
native,0.1,structured_grid_diagnostic,0.375,0.125,5,0.00182719939766689,8.693287507141138e-05,5
native,0.1,structured_grid_diagnostic,0.375,0.25,5,0.0019017141531595615,8.770563743918988e-05,5
native,0.1,structured_grid_diagnostic,0.375,0.375,5,0.0019195467017049327,0.00010734223352347503,5
native,0.1,structured_grid_diagnostic,0.375,0.5,5,0.001893064934097044,0.00012620876025756686,5
native,0.1,structured_grid_diagnostic,0.375,0.625,5,0.0018375417694446838,0.00012140336968303828,5
native,0.1,structured_grid_diagnostic,0.375,0.75,5,0.0017467221245962782,0.00014228780645342764,5
native,0.1,structured_grid_diagnostic,0.375,0.875,5,0.001604113770934612,0.00017433203368199664,5
native,0.1,structured_grid_diagnostic,0.375,1.0,5,0.0014260672145607778,0.00018924095506390128,5
native,0.1,structured_grid_diagnostic,0.5,0.0,5,0.001959731093829342,8.486453641520854e-05,5
native,0.1,structured_grid_diagnostic,0.5,0.125,5,0.00205190535262485,9.558581190969991e-05,5
native,0.1,structured_grid_diagnostic,0.5,0.25,5,0.0021153317873885413,0.00010564340744126225,5
native,0.1,structured_grid_diagnostic,0.5,0.375,5,0.002127923988699898,0.00013405544293770507,5
native,0.1,structured_grid_diagnostic,0.5,0.5,5,0.002102393385783552,0.00013616080802115384,5
native,0.1,structured_grid_diagnostic,0.5,0.625,5,0.002041768432906421,0.00013933574185407422,5
native,0.1,structured_grid_diagnostic,0.5,0.75,5,0.0019396541550694923,0.00016262459513665902,5
native,0.1,structured_grid_diagnostic,0.5,0.875,5,0.0017996607377767759,0.0001986603573861718,5
native,0.1,structured_grid_diagnostic,0.5,1.0,5,0.0016105714222404365,0.00020096557625328573,5
native,0.1,structured_grid_diagnostic,0.625,0.0,5,0.0020133121657652355,0.0001195219995554379,5
native,0.1,structured_grid_diagnostic,0.625,0.125,5,0.0020971029485427283,0.00012202908031863769,5
native,0.1,structured_grid_diagnostic,0.625,0.25,5,0.0021529694041376056,0.00012005586441835618,5
native,0.1,structured_grid_diagnostic,0.625,0.375,5,0.0021617861372335233,0.00015244138164290024,5
native,0.1,structured_grid_diagnostic,0.625,0.5,5,0.0021310314061897097,0.00015884221409624152,5
native,0.1,structured_grid_diagnostic,0.625,0.625,5,0.002057645505507377,0.0001632148561010069,5
native,0.1,structured_grid_diagnostic,0.625,0.75,5,0.0019615623884424505,0.00018550265099551936,5
native,0.1,structured_grid_diagnostic,0.625,0.875,5,0.001815782279998901,0.00019462925591089754,5
native,0.1,structured_grid_diagnostic,0.625,1.0,5,0.001632868815455124,0.00021498382826561042,5
native,0.1,structured_grid_diagnostic,0.75,0.0,5,0.0018962981603417805,0.00013730263831821847,5
native,0.1,structured_grid_diagnostic,0.75,0.125,5,0.0019728945264297247,0.00013405869641772608,5
native,0.1,structured_grid_diagnostic,0.75,0.25,5,0.0020289323893774025,0.00014862888272441018,5
native,0.1,structured_grid_diagnostic,0.75,0.375,5,0.0020353480241152243,0.00017399189063475076,5
native,0.1,structured_grid_diagnostic,0.75,0.5,5,0.0019967786667829833,0.0001791682779065948,5
native,0.1,structured_grid_diagnostic,0.75,0.625,5,0.0019295747619846536,0.00018369885158495646,5
native,0.1,structured_grid_diagnostic,0.75,0.75,5,0.0018185257869525629,0.00020975547284367768,5
native,0.1,structured_grid_diagnostic,0.75,0.875,5,0.001669373207147018,0.00022363949179651462,5
native,0.1,structured_grid_diagnostic,0.75,1.0,5,0.0014758679985165557,0.0002341703220611065,5
native,0.1,structured_grid_diagnostic,0.875,0.0,5,0.0016053196340792386,0.00017571203930394987,5
native,0.1,structured_grid_diagnostic,0.875,0.125,5,0.0016832803242391669,0.00016093751392824585,5
native,0.1,structured_grid_diagnostic,0.875,0.25,5,0.0017384867135088466,0.00018132993754088454,5
native,0.1,structured_grid_diagnostic,0.875,0.375,5,0.0017508812867927047,0.0002171680431665316,5
native,0.1,structured_grid_diagnostic,0.875,0.5,5,0.00170306522222603,0.00020856835204918433,5
native,0.1,structured_grid_diagnostic,0.875,0.625,5,0.0016223447925026058,0.00022816723472229378,5
native,0.1,structured_grid_diagnostic,0.875,0.75,5,0.0015182604495427743,0.00023508845224655216,5
native,0.1,structured_grid_diagnostic,0.875,0.875,5,0.0013627388920097073,0.0002392720334225935,5
native,0.1,structured_grid_diagnostic,0.875,1.0,5,0.0011656100083595965,0.00026000104653178243,5
native,0.1,structured_grid_diagnostic,1.0,0.0,5,0.0011478034522326651,0.00020345855934170411,5
native,0.1,structured_grid_diagnostic,1.0,0.125,5,0.0012218385893933536,0.00018721616252412136,5
native,0.1,structured_grid_diagnostic,1.0,0.25,5,0.001275604462742086,0.00019627648489822783,5
native,0.1,structured_grid_diagnostic,1.0,0.375,5,0.0012830671808000903,0.0002382928017987952,5
native,0.1,structured_grid_diagnostic,1.0,0.5,5,0.0012457543777598889,0.00023016583019231567,5
native,0.1,structured_grid_diagnostic,1.0,0.625,5,0.0011673090000273501,0.0002524303515481675,5
native,0.1,structured_grid_diagnostic,1.0,0.75,5,0.0010453300838591862,0.0002613912381585714,5
native,0.1,structured_grid_diagnostic,1.0,0.875,5,0.0008900205554070783,0.0002716681122551537,5
native,0.1,structured_grid_diagnostic,1.0,1.0,5,0.0006910549916643749,0.0002779279688729375,5
native,0.15,scalar_grid_diagnostic,0.0,0.0,5,0.0,0.0,0
native,0.15,scalar_grid_diagnostic,0.05,0.05,5,0.0007765485819254625,3.599805809166415e-05,5
native,0.15,scalar_grid_diagnostic,0.1,0.1,5,0.001505123058209179,5.079635242653815e-05,5
native,0.15,scalar_grid_diagnostic,0.15,0.15,5,0.002179071041583924,6.636694036508451e-05,5
native,0.15,scalar_grid_diagnostic,0.2,0.2,5,0.002777982741889451,7.003595464897493e-05,5
native,0.15,scalar_grid_diagnostic,0.25,0.25,5,0.003314231485668895,6.967222683189975e-05,5
native,0.15,scalar_grid_diagnostic,0.3,0.3,5,0.003789588108347752,0.00010771345354958303,5
native,0.15,scalar_grid_diagnostic,0.35,0.35,5,0.004202179238319647,0.00011069455282000244,5
native,0.15,scalar_grid_diagnostic,0.4,0.4,5,0.004565154752134326,0.00012141428332875783,5
native,0.15,scalar_grid_diagnostic,0.45,0.45,5,0.004876851752674405,0.00013264426026844556,5
native,0.15,scalar_grid_diagnostic,0.5,0.5,5,0.005120463075450265,0.0001388631164821189,5
native,0.15,scalar_grid_diagnostic,0.55,0.55,5,0.005311576833436149,0.00015476352618250166,5
native,0.15,scalar_grid_diagnostic,0.6,0.6,5,0.005431056544311197,0.0001306362469337095,5
native,0.15,scalar_grid_diagnostic,0.65,0.65,5,0.005519034212403406,0.00015195665024681618,5
native,0.15,scalar_grid_diagnostic,0.7,0.7,5,0.005542964329409017,0.0001664521050054476,5
native,0.15,scalar_grid_diagnostic,0.75,0.75,5,0.005521481510271498,0.0001786854455767955,5
native,0.15,scalar_grid_diagnostic,0.8,0.8,5,0.00544891196902153,0.00022629572881285745,5
native,0.15,scalar_grid_diagnostic,0.85,0.85,5,0.005319848373576885,0.00023849170093282983,5
native,0.15,scalar_grid_diagnostic,0.9,0.9,5,0.0051413425024862125,0.00022235445173997433,5
native,0.15,scalar_grid_diagnostic,0.95,0.95,5,0.004895970273383598,0.0002502211665270678,5
native,0.15,scalar_grid_diagnostic,1.0,1.0,5,0.004614318164062414,0.0002678770443730381,5
native,0.15,structured_grid_diagnostic,0.0,0.0,5,0.0,0.0,0
native,0.15,structured_grid_diagnostic,0.0,0.125,5,0.0003120198303266708,5.567687252173238e-05,5
native,0.15,structured_grid_diagnostic,0.0,0.25,5,0.0005604350446084094,7.431949390574502e-05,5
native,0.15,structured_grid_diagnostic,0.0,0.375,5,0.0007251996682958062,0.00010310848280403003,5
native,0.15,structured_grid_diagnostic,0.0,0.5,5,0.0008436166085926012,0.00014152835728439264,5
native,0.15,structured_grid_diagnostic,0.0,0.625,5,0.0008872392157639908,9.754934886055633e-05,5
native,0.15,structured_grid_diagnostic,0.0,0.75,5,0.0009149574625276991,0.00012883741240687956,5
native,0.15,structured_grid_diagnostic,0.0,0.875,5,0.0008859003511720864,0.00022259260388906953,5
native,0.15,structured_grid_diagnostic,0.0,1.0,5,0.0008035240476738092,0.00025383063553857264,5
native,0.15,structured_grid_diagnostic,0.125,0.0,5,0.0015462645647151164,3.2565865242184e-05,5
native,0.15,structured_grid_diagnostic,0.125,0.125,5,0.0018489812022409514,6.641079940210646e-05,5
native,0.15,structured_grid_diagnostic,0.125,0.25,5,0.0020810180575516314,7.0617074591969e-05,5
native,0.15,structured_grid_diagnostic,0.125,0.375,5,0.002230783707905504,9.306181649119629e-05,5
native,0.15,structured_grid_diagnostic,0.125,0.5,5,0.0023262793738052954,0.00012290421421152372,5
native,0.15,structured_grid_diagnostic,0.125,0.625,5,0.0023605087533252076,8.701370039026787e-05,5
native,0.15,structured_grid_diagnostic,0.125,0.75,5,0.0023652156581780216,0.00012265403426314138,5
native,0.15,structured_grid_diagnostic,0.125,0.875,5,0.002315216791431407,0.000199492429999912,5
native,0.15,structured_grid_diagnostic,0.125,1.0,5,0.0022003520886827222,0.00022875605715927435,5
native,0.15,structured_grid_diagnostic,0.25,0.0,5,0.002816867038235182,6.452461480565163e-05,5
native,0.15,structured_grid_diagnostic,0.25,0.125,5,0.003106627333807799,6.757833870041091e-05,5
native,0.15,structured_grid_diagnostic,0.25,0.25,5,0.003314231485668895,6.967222683189975e-05,5
native,0.15,structured_grid_diagnostic,0.25,0.375,5,0.0034512221438242285,9.904942507085016e-05,5
native,0.15,structured_grid_diagnostic,0.25,0.5,5,0.0035271674715324774,0.00012031933049923617,5
native,0.15,structured_grid_diagnostic,0.25,0.625,5,0.0035476773739350877,8.949442773337042e-05,5
native,0.15,structured_grid_diagnostic,0.25,0.75,5,0.003543504049827595,0.0001266230029745869,5
native,0.15,structured_grid_diagnostic,0.25,0.875,5,0.0034703710665611176,0.00019044131066529106,5
native,0.15,structured_grid_diagnostic,0.25,1.0,5,0.0033496247640951715,0.0002146272943675083,5
native,0.15,structured_grid_diagnostic,0.375,0.0,5,0.0038049300731956225,7.478068120548281e-05,5
native,0.15,structured_grid_diagnostic,0.375,0.125,5,0.004075506583126165,8.800021022185316e-05,5
native,0.15,structured_grid_diagnostic,0.375,0.25,5,0.0042633828868892994,8.798015065614856e-05,5
native,0.15,structured_grid_diagnostic,0.375,0.375,5,0.004390595430633493,0.0001151946209689649,5
native,0.15,structured_grid_diagnostic,0.375,0.5,5,0.004460318555099008,0.00013422111879745778,5
native,0.15,structured_grid_diagnostic,0.375,0.625,5,0.0044628364265754785,9.756246807688984e-05,5
native,0.15,structured_grid_diagnostic,0.375,0.75,5,0.004437859924154397,0.00013379162848874279,5
native,0.15,structured_grid_diagnostic,0.375,0.875,5,0.00435230541328493,0.0001896261703008033,5
native,0.15,structured_grid_diagnostic,0.375,1.0,5,0.004217017407589596,0.00021415304627412857,5
native,0.15,structured_grid_diagnostic,0.5,0.0,5,0.004523692137590363,9.317866831389902e-05,5
native,0.15,structured_grid_diagnostic,0.5,0.125,5,0.004772800326202864,0.00012347358340046179,5
native,0.15,structured_grid_diagnostic,0.5,0.25,5,0.004954869181513733,0.00011086844718941958,5
native,0.15,structured_grid_diagnostic,0.5,0.375,5,0.005058409813955489,0.00012640314191390535,5
native,0.15,structured_grid_diagnostic,0.5,0.5,5,0.005120463075450265,0.0001388631164821189,5
native,0.15,structured_grid_diagnostic,0.5,0.625,5,0.0051076775649584235,0.0001231589073842309,5
native,0.15,structured_grid_diagnostic,0.5,0.75,5,0.005055628722427175,0.00013764193930288144,5
native,0.15,structured_grid_diagnostic,0.5,0.875,5,0.004969010154055997,0.00019690117441093408,5
native,0.15,structured_grid_diagnostic,0.5,1.0,5,0.004808780113130062,0.00021793524997391385,5
native,0.15,structured_grid_diagnostic,0.625,0.0,5,0.004956502329524959,0.0001355677016768239,5
native,0.15,structured_grid_diagnostic,0.625,0.125,5,0.005198627428981561,0.000137200872909401,5
native,0.15,structured_grid_diagnostic,0.625,0.25,5,0.005368679473890081,0.00011659061736085851,5
native,0.15,structured_grid_diagnostic,0.625,0.375,5,0.005453205424516394,0.00014815997769819208,5
native,0.15,structured_grid_diagnostic,0.625,0.5,5,0.005503284728453739,0.00015875214547962912,5
native,0.15,structured_grid_diagnostic,0.625,0.625,5,0.005480268197760818,0.00013056775883924662,5
native,0.15,structured_grid_diagnostic,0.625,0.75,5,0.0054215012242888605,0.000162765290456437,5
native,0.15,structured_grid_diagnostic,0.625,0.875,5,0.00531634962112495,0.00020378422384567598,5
native,0.15,structured_grid_diagnostic,0.625,1.0,5,0.005138896152582406,0.00023193843160184156,5
native,0.15,structured_grid_diagnostic,0.75,0.0,5,0.00514712666683792,0.00016428519699001023,5
native,0.15,structured_grid_diagnostic,0.75,0.125,5,0.005358327322608903,0.00015784779704469668,5
native,0.15,structured_grid_diagnostic,0.75,0.25,5,0.005518304116935413,0.00014582215398729456,5
native,0.15,structured_grid_diagnostic,0.75,0.375,5,0.0055899345180429275,0.00016871624597431951,5
native,0.15,structured_grid_diagnostic,0.75,0.5,5,0.0056301987678307516,0.00018736520299638998,5
native,0.15,structured_grid_diagnostic,0.75,0.625,5,0.005591350174040022,0.00016527138348284285,5
native,0.15,structured_grid_diagnostic,0.75,0.75,5,0.005521481510271498,0.0001786854455767955,5
native,0.15,structured_grid_diagnostic,0.75,0.875,5,0.005400411911781778,0.00021567232232225098,5
native,0.15,structured_grid_diagnostic,0.75,1.0,5,0.005223965977325262,0.0002468711062993457,5
native,0.15,structured_grid_diagnostic,0.875,0.0,5,0.005062032817986184,0.0001837730246360215,5
native,0.15,structured_grid_diagnostic,0.875,0.125,5,0.005263831473290637,0.00017720159269253103,5
native,0.15,structured_grid_diagnostic,0.875,0.25,5,0.005401756251974188,0.00017587697861270993,5
native,0.15,structured_grid_diagnostic,0.875,0.375,5,0.005466590149826311,0.00018472412155201958,5
native,0.15,structured_grid_diagnostic,0.875,0.5,5,0.0054959104158169405,0.00020216435513652296,5
native,0.15,structured_grid_diagnostic,0.875,0.625,5,0.0054514087847518326,0.00019487744332216602,5
native,0.15,structured_grid_diagnostic,0.875,0.75,5,0.005374053897424069,0.000192639944817152,5
native,0.15,structured_grid_diagnostic,0.875,0.875,5,0.00524286541284078,0.00023074917306014348,5
native,0.15,structured_grid_diagnostic,0.875,1.0,5,0.005041240425015481,0.00025308002648433755,5
native,0.15,structured_grid_diagnostic,1.0,0.0,5,0.004715883344130267,0.00020719670663878103,5
native,0.15,structured_grid_diagnostic,1.0,0.125,5,0.004920984648253546,0.00020242118303371662,5
native,0.15,structured_grid_diagnostic,1.0,0.25,5,0.005048007489279582,0.00019351642075592337,5
native,0.15,structured_grid_diagnostic,1.0,0.375,5,0.00510452437614699,0.00020747204326925056,5
native,0.15,structured_grid_diagnostic,1.0,0.5,5,0.005118974860283743,0.00022148210526427953,5
native,0.15,structured_grid_diagnostic,1.0,0.625,5,0.0050664906227485765,0.00020336185842149415,5
native,0.15,structured_grid_diagnostic,1.0,0.75,5,0.004967381314440367,0.000216914763267254,5
native,0.15,structured_grid_diagnostic,1.0,0.875,5,0.004822603259702874,0.00025150003095518827,5
native,0.15,structured_grid_diagnostic,1.0,1.0,5,0.004614318164062414,0.0002678770443730381,5
pure_adamw,0.05,scalar_grid_diagnostic,0.0,0.0,5,0.0,0.0,0
pure_adamw,0.05,scalar_grid_diagnostic,0.05,0.05,5,7.987669652393947e-05,1.7166950588673065e-05,5
pure_adamw,0.05,scalar_grid_diagnostic,0.1,0.1,5,0.00013703090005661166,2.524387210816611e-05,5
pure_adamw,0.05,scalar_grid_diagnostic,0.15,0.15,5,0.000187308838795186,2.9982338572329253e-05,5
pure_adamw,0.05,scalar_grid_diagnostic,0.2,0.2,5,0.0002207094383731345,3.5541096643962314e-05,5
pure_adamw,0.05,scalar_grid_diagnostic,0.25,0.25,5,0.0002546069286021968,3.693385979308411e-05,5
pure_adamw,0.05,scalar_grid_diagnostic,0.3,0.3,5,0.0002692621810599594,5.263602577556205e-05,5
pure_adamw,0.05,scalar_grid_diagnostic,0.35,0.35,5,0.0002681438711438222,5.9312881714511445e-05,5
pure_adamw,0.05,scalar_grid_diagnostic,0.4,0.4,5,0.00025067100650693063,6.978289276531476e-05,5
pure_adamw,0.05,scalar_grid_diagnostic,0.45,0.45,5,0.00022858598107187156,7.641151043688717e-05,5
pure_adamw,0.05,scalar_grid_diagnostic,0.5,0.5,5,0.00019174611751697767,8.096037420307853e-05,5
pure_adamw,0.05,scalar_grid_diagnostic,0.55,0.55,5,0.00015049837196792203,7.634841055409487e-05,5
pure_adamw,0.05,scalar_grid_diagnostic,0.6,0.6,5,8.857963991975027e-05,8.054438649397343e-05,4
pure_adamw,0.05,scalar_grid_diagnostic,0.65,0.65,5,9.95387858937491e-06,9.144427580941941e-05,3
pure_adamw,0.05,scalar_grid_diagnostic,0.7,0.7,5,-7.401738312586836e-05,9.089242290601802e-05,1
pure_adamw,0.05,scalar_grid_diagnostic,0.75,0.75,5,-0.00016883939206189247,9.682521699027482e-05,0
pure_adamw,0.05,scalar_grid_diagnostic,0.8,0.8,5,-0.0002818103431191599,0.00010520815943960883,0
pure_adamw,0.05,scalar_grid_diagnostic,0.85,0.85,5,-0.00039864505282376505,0.00010673209355614004,0
pure_adamw,0.05,scalar_grid_diagnostic,0.9,0.9,5,-0.0005223282326398237,0.0001296268358637051,0
pure_adamw,0.05,scalar_grid_diagnostic,0.95,0.95,5,-0.0006686662257551212,0.00012138034412482853,0
pure_adamw,0.05,scalar_grid_diagnostic,1.0,1.0,5,-0.0008268400320886382,0.00012799138788918064,0
pure_adamw,0.05,structured_grid_diagnostic,0.0,0.0,5,0.0,0.0,0
pure_adamw,0.05,structured_grid_diagnostic,0.0,0.125,5,2.9060002303005205e-05,2.7827579999358545e-05,5
pure_adamw,0.05,structured_grid_diagnostic,0.0,0.25,5,2.4178643815853106e-05,2.7821222347463222e-05,4
pure_adamw,0.05,structured_grid_diagnostic,0.0,0.375,5,1.0936154322305214e-05,4.9278581424470694e-05,2
pure_adamw,0.05,structured_grid_diagnostic,0.0,0.5,5,-2.7023013817650822e-05,5.6917311763695525e-05,1
pure_adamw,0.05,structured_grid_diagnostic,0.0,0.625,5,-9.963219308266602e-05,4.403834014618514e-05,0
pure_adamw,0.05,structured_grid_diagnostic,0.0,0.75,5,-0.00018630771282275306,6.654378252767974e-05,0
pure_adamw,0.05,structured_grid_diagnostic,0.0,0.875,5,-0.00028796459568107834,7.874678756441904e-05,0
pure_adamw,0.05,structured_grid_diagnostic,0.0,1.0,5,-0.0004182247696690844,8.808882188668863e-05,0
pure_adamw,0.05,structured_grid_diagnostic,0.125,0.0,5,0.00014117442277137294,2.2039292710619927e-05,5
pure_adamw,0.05,structured_grid_diagnostic,0.125,0.125,5,0.00016388977799226546,2.1517069163735937e-05,5
pure_adamw,0.05,structured_grid_diagnostic,0.125,0.25,5,0.00016038034788068423,2.898772069732075e-05,5
pure_adamw,0.05,structured_grid_diagnostic,0.125,0.375,5,0.00013904394378188022,3.617029340335646e-05,5
pure_adamw,0.05,structured_grid_diagnostic,0.125,0.5,5,9.4081029185622e-05,4.594167196426297e-05,5
pure_adamw,0.05,structured_grid_diagnostic,0.125,0.625,5,1.547069658807132e-05,4.857202665771371e-05,3
pure_adamw,0.05,structured_grid_diagnostic,0.125,0.75,5,-6.881008382810804e-05,5.990598087561558e-05,1
pure_adamw,0.05,structured_grid_diagnostic,0.125,0.875,5,-0.00018035541897432061,7.565933241055727e-05,0
pure_adamw,0.05,structured_grid_diagnostic,0.125,1.0,5,-0.00031602733317850353,8.608405264378326e-05,0
pure_adamw,0.05,structured_grid_diagnostic,0.25,0.0,5,0.00023951911096813382,3.406209411073346e-05,5
pure_adamw,0.05,structured_grid_diagnostic,0.25,0.125,5,0.0002577856710503479,3.6181164717598974e-05,5
pure_adamw,0.05,structured_grid_diagnostic,0.25,0.25,5,0.0002546069286021968,3.693385979308411e-05,5
pure_adamw,0.05,structured_grid_diagnostic,0.25,0.375,5,0.0002263936902977992,5.906880316525514e-05,5
pure_adamw,0.05,structured_grid_diagnostic,0.25,0.5,5,0.00017348796408418466,6.349315345936006e-05,5
pure_adamw,0.05,structured_grid_diagnostic,0.25,0.625,5,9.140587107765441e-05,7.350939421902684e-05,5
pure_adamw,0.05,structured_grid_diagnostic,0.25,0.75,5,-2.0429590230630623e-06,7.813557482117884e-05,1
pure_adamw,0.05,structured_grid_diagnostic,0.25,0.875,5,-0.00011394620249984832,7.864397396576709e-05,0
pure_adamw,0.05,structured_grid_diagnostic,0.25,1.0,5,-0.0002481865672692152,9.364013355638412e-05,0
pure_adamw,0.05,structured_grid_diagnostic,0.375,0.0,5,0.0002867936486185663,4.4083840535203e-05,5
pure_adamw,0.05,structured_grid_diagnostic,0.375,0.125,5,0.00030945803482214097,4.144377662811159e-05,5
pure_adamw,0.05,structured_grid_diagnostic,0.375,0.25,5,0.0002950793083689174,6.032382031731684e-05,5
pure_adamw,0.05,structured_grid_diagnostic,0.375,0.375,5,0.0002637193998233922,7.305855072166486e-05,5
pure_adamw,0.05,structured_grid_diagnostic,0.375,0.5,5,0.00020254695794137413,7.224378701593398e-05,5
pure_adamw,0.05,structured_grid_diagnostic,0.375,0.625,5,0.00011967473482634716,7.879003237864266e-05,5
pure_adamw,0.05,structured_grid_diagnostic,0.375,0.75,5,2.4262317721834847e-05,7.356868318853954e-05,4
pure_adamw,0.05,structured_grid_diagnostic,0.375,0.875,5,-9.745569845014402e-05,8.743989901450475e-05,1
pure_adamw,0.05,structured_grid_diagnostic,0.375,1.0,5,-0.0002364253642645142,9.720204664580582e-05,0
pure_adamw,0.05,structured_grid_diagnostic,0.5,0.0,5,0.0002909387365658489,5.1936545095521453e-05,5
pure_adamw,0.05,structured_grid_diagnostic,0.5,0.125,5,0.00030659003443425095,5.833577338617671e-05,5
pure_adamw,0.05,structured_grid_diagnostic,0.5,0.25,5,0.00029354553799687544,6.616764790844721e-05,5
pure_adamw,0.05,structured_grid_diagnostic,0.5,0.375,5,0.00024701670278584056,6.64269780001733e-05,5
pure_adamw,0.05,structured_grid_diagnostic,0.5,0.5,5,0.00019174611751697767,8.096037420307853e-05,5
pure_adamw,0.05,structured_grid_diagnostic,0.5,0.625,5,0.00010354557288030363,9.10824004755164e-05,5
pure_adamw,0.05,structured_grid_diagnostic,0.5,0.75,5,1.8120420210099298e-06,8.024812871245601e-05,2
pure_adamw,0.05,structured_grid_diagnostic,0.5,0.875,5,-0.00012263550343685203,0.00010434139999398671,1
pure_adamw,0.05,structured_grid_diagnostic,0.5,1.0,5,-0.0002666078824822282,0.00011614945558635104,0
pure_adamw,0.05,structured_grid_diagnostic,0.625,0.0,5,0.00025497351590475503,6.514239374763878e-05,5
pure_adamw,0.05,structured_grid_diagnostic,0.625,0.125,5,0.0002628453046297885,5.315864766017028e-05,5
pure_adamw,0.05,structured_grid_diagnostic,0.625,0.25,5,0.00024279292075508608,7.122956528385067e-05,5
pure_adamw,0.05,structured_grid_diagnostic,0.625,0.375,5,0.00020411189261313468,7.18158259685256e-05,5
pure_adamw,0.05,structured_grid_diagnostic,0.625,0.5,5,0.00013910244495751733,8.786954052885066e-05,5
pure_adamw,0.05,structured_grid_diagnostic,0.625,0.625,5,4.655536915239011e-05,9.166703198828792e-05,4
pure_adamw,0.05,structured_grid_diagnostic,0.625,0.75,5,-6.0032070555537945e-05,9.859961589541762e-05,1
pure_adamw,0.05,structured_grid_diagnostic,0.625,0.875,5,-0.0001842710123632685,9.619365962366269e-05,0
pure_adamw,0.05,structured_grid_diagnostic,0.625,1.0,5,-0.0003428503856465426,0.00010767237491532529,0
pure_adamw,0.05,structured_grid_diagnostic,0.75,0.0,5,0.00017133649471707814,6.895326604444662e-05,5
pure_adamw,0.05,structured_grid_diagnostic,0.75,0.125,5,0.00018159532729455918,7.463911150512869e-05,5
pure_adamw,0.05,structured_grid_diagnostic,0.75,0.25,5,0.0001511885608552088,6.799546509913645e-05,5
pure_adamw,0.05,structured_grid_diagnostic,0.75,0.375,5,0.00011168267005863264,8.594398799883974e-05,5
pure_adamw,0.05,structured_grid_diagnostic,0.75,0.5,5,5.228129172722973e-05,9.04450676398276e-05,4
pure_adamw,0.05,structured_grid_diagnostic,0.75,0.625,5,-5.295646264285026e-05,9.010853762766633e-05,1
pure_adamw,0.05,structured_grid_diagnostic,0.75,0.75,5,-0.00016883939206189247,9.682521699027482e-05,0
pure_adamw,0.05,structured_grid_diagnostic,0.75,0.875,5,-0.0002980213559202305,0.00010935693104647112,0
pure_adamw,0.05,structured_grid_diagnostic,0.75,1.0,5,-0.00045959172562604067,0.00012574193836834612,0
pure_adamw,0.05,structured_grid_diagnostic,0.875,0.0,5,4.248001893176756e-05,7.269302740504849e-05,4
pure_adamw,0.05,structured_grid_diagnostic,0.875,0.125,5,5.008256845240311e-05,7.690731535961437e-05,4
pure_adamw,0.05,structured_grid_diagnostic,0.875,0.25,5,1.138796485689042e-05,8.655555255722959e-05,3
pure_adamw,0.05,structured_grid_diagnostic,0.875,0.375,5,-3.0597828045886286e-05,8.38228608326905e-05,1
pure_adamw,0.05,structured_grid_diagnostic,0.875,0.5,5,-9.524094740709366e-05,0.00010073772695923303,1
pure_adamw,0.05,structured_grid_diagnostic,0.875,0.625,5,-0.0002008759116685077,0.00010181604011672773,0
pure_adamw,0.05,structured_grid_diagnostic,0.875,0.75,5,-0.0003203980385053207,0.00010882567367939242,0
pure_adamw,0.05,structured_grid_diagnostic,0.875,0.875,5,-0.0004633442289023293,0.00012240407046576563,0
pure_adamw,0.05,structured_grid_diagnostic,0.875,1.0,5,-0.000623236139134864,0.00013255478471155252,0
pure_adamw,0.05,structured_grid_diagnostic,1.0,0.0,5,-0.0001348101558544368,8.11938140822421e-05,0
pure_adamw,0.05,structured_grid_diagnostic,1.0,0.125,5,-0.00012464848245565818,8.751377593371627e-05,0
pure_adamw,0.05,structured_grid_diagnostic,1.0,0.25,5,-0.00016951863317515858,9.634874355281259e-05,0
pure_adamw,0.05,structured_grid_diagnostic,1.0,0.375,5,-0.00021613070511072863,0.00011209008761338576,0
pure_adamw,0.05,structured_grid_diagnostic,1.0,0.5,5,-0.0002915186313285911,0.0001109198333642051,0
pure_adamw,0.05,structured_grid_diagnostic,1.0,0.625,5,-0.00039828281701663747,0.00010807465720118416,0
pure_adamw,0.05,structured_grid_diagnostic,1.0,0.75,5,-0.0005240084651992217,0.00010978468059887003,0
pure_adamw,0.05,structured_grid_diagnostic,1.0,0.875,5,-0.000659891914352162,0.00011983495147950271,0
pure_adamw,0.05,structured_grid_diagnostic,1.0,1.0,5,-0.0008268400320886382,0.00012799138788918064,0
pure_adamw,0.1,scalar_grid_diagnostic,0.0,0.0,5,0.0,0.0,0
pure_adamw,0.1,scalar_grid_diagnostic,0.05,0.05,5,0.00019753198405938476,3.4361011095669365e-05,5
pure_adamw,0.1,scalar_grid_diagnostic,0.1,0.1,5,0.0003503767303257188,3.246969693467183e-05,5
pure_adamw,0.1,scalar_grid_diagnostic,0.15,0.15,5,0.0004902570560384678,3.4926004065197625e-05,5
pure_adamw,0.1,scalar_grid_diagnostic,0.2,0.2,5,0.0006151196458241692,4.52985705419536e-05,5
pure_adamw,0.1,scalar_grid_diagnostic,0.25,0.25,5,0.0007234107485767805,5.604100056182197e-05,5
pure_adamw,0.1,scalar_grid_diagnostic,0.3,0.3,5,0.0008103522657358919,6.402032178427437e-05,5
pure_adamw,0.1,scalar_grid_diagnostic,0.35,0.35,5,0.0008707843557591132,8.107897382144067e-05,5
pure_adamw,0.1,scalar_grid_diagnostic,0.4,0.4,5,0.0009103975610469828,8.503662568076408e-05,5
pure_adamw,0.1,scalar_grid_diagnostic,0.45,0.45,5,0.0009352356432579701,9.343925407013151e-05,5
pure_adamw,0.1,scalar_grid_diagnostic,0.5,0.5,5,0.0009454182043205694,0.00011614281534711444,5
pure_adamw,0.1,scalar_grid_diagnostic,0.55,0.55,5,0.0009321547571531141,0.00011112197055494878,5
pure_adamw,0.1,scalar_grid_diagnostic,0.6,0.6,5,0.0009063305801061183,0.00011477432925165259,5
pure_adamw,0.1,scalar_grid_diagnostic,0.65,0.65,5,0.0008571745356916072,0.00013019431237622074,5
pure_adamw,0.1,scalar_grid_diagnostic,0.7,0.7,5,0.0007997928841176893,0.0001470049466970919,5
pure_adamw,0.1,scalar_grid_diagnostic,0.75,0.75,5,0.000704923335558405,0.00015434929707960763,5
pure_adamw,0.1,scalar_grid_diagnostic,0.8,0.8,5,0.0005982715822099749,0.00016915070164621025,5
pure_adamw,0.1,scalar_grid_diagnostic,0.85,0.85,5,0.00047947601464599644,0.0001820054085460976,5
pure_adamw,0.1,scalar_grid_diagnostic,0.9,0.9,5,0.00033468537672995955,0.00020466622060624548,5
pure_adamw,0.1,scalar_grid_diagnostic,0.95,0.95,5,0.00017676584356589585,0.0002118670040264043,5
pure_adamw,0.1,scalar_grid_diagnostic,1.0,1.0,5,1.406229614486776e-06,0.0002172947937130676,2
pure_adamw,0.1,structured_grid_diagnostic,0.0,0.0,5,0.0,0.0,0
pure_adamw,0.1,structured_grid_diagnostic,0.0,0.125,5,0.00011982159218333343,2.8551287285823818e-05,5
pure_adamw,0.1,structured_grid_diagnostic,0.0,0.25,5,0.00018789328640931303,3.234177079704369e-05,5
pure_adamw,0.1,structured_grid_diagnostic,0.0,0.375,5,0.00022324867482454992,3.10792700674007e-05,5
pure_adamw,0.1,structured_grid_diagnostic,0.0,0.5,5,0.0002404558235612253,3.618625662786693e-05,5
pure_adamw,0.1,structured_grid_diagnostic,0.0,0.625,5,0.00021034180523553657,4.6163913916365036e-05,5
pure_adamw,0.1,structured_grid_diagnostic,0.0,0.75,5,0.00014290556608296257,5.2884573723059373e-05,5
pure_adamw,0.1,structured_grid_diagnostic,0.0,0.875,5,5.099367069276717e-05,5.9173332434409574e-05,4
pure_adamw,0.1,structured_grid_diagnostic,0.0,1.0,5,-7.44549153067542e-05,7.309392747811288e-05,0
pure_adamw,0.1,structured_grid_diagnostic,0.125,0.0,5,0.00031912067120503095,2.2682493984670203e-05,5
pure_adamw,0.1,structured_grid_diagnostic,0.125,0.125,5,0.0004214397971171291,3.7306165942415074e-05,5
pure_adamw,0.1,structured_grid_diagnostic,0.125,0.25,5,0.0004893602057330692,3.677212951819039e-05,5
pure_adamw,0.1,structured_grid_diagnostic,0.125,0.375,5,0.0005149094784764774,5.426913992457678e-05,5
pure_adamw,0.1,structured_grid_diagnostic,0.125,0.5,5,0.0005170276974207245,6.193798529573998e-05,5
pure_adamw,0.1,structured_grid_diagnostic,0.125,0.625,5,0.0004847846876216977,6.716775842426129e-05,5
pure_adamw,0.1,structured_grid_diagnostic,0.125,0.75,5,0.000407363148236195,6.665282629728146e-05,5
pure_adamw,0.1,structured_grid_diagnostic,0.125,0.875,5,0.0003088958846713119,8.013484049404822e-05,5
pure_adamw,0.1,structured_grid_diagnostic,0.125,1.0,5,0.00016937559830552119,8.526003089260603e-05,5
pure_adamw,0.1,structured_grid_diagnostic,0.25,0.0,5,0.0005630350226195179,3.8628744890131405e-05,5
pure_adamw,0.1,structured_grid_diagnostic,0.25,0.125,5,0.0006614368873541831,4.893038058425785e-05,5
pure_adamw,0.1,structured_grid_diagnostic,0.25,0.25,5,0.0007234107485767805,5.604100056182197e-05,5
pure_adamw,0.1,structured_grid_diagnostic,0.25,0.375,5,0.000744513774945954,6.55459351479348e-05,5
pure_adamw,0.1,structured_grid_diagnostic,0.25,0.5,5,0.0007277023944422644,7.776558192726158e-05,5
pure_adamw,0.1,structured_grid_diagnostic,0.25,0.625,5,0.0006928733269793597,8.68631836850866e-05,5
pure_adamw,0.1,structured_grid_diagnostic,0.25,0.75,5,0.0006069430054487679,8.237125110398547e-05,5
pure_adamw,0.1,structured_grid_diagnostic,0.25,0.875,5,0.0004921579577338963,8.706695160527992e-05,5
pure_adamw,0.1,structured_grid_diagnostic,0.25,1.0,5,0.00035465976765443054,0.0001023468691789203,5
pure_adamw,0.1,structured_grid_diagnostic,0.375,0.0,5,0.0007425727740094868,5.663761265143708e-05,5
pure_adamw,0.1,structured_grid_diagnostic,0.375,0.125,5,0.0008310437791092084,5.6542405794270373e-05,5
pure_adamw,0.1,structured_grid_diagnostic,0.375,0.25,5,0.000882572613990762,6.613858295627518e-05,5
pure_adamw,0.1,structured_grid_diagnostic,0.375,0.375,5,0.0008904387203657382,8.43215386903535e-05,5
pure_adamw,0.1,structured_grid_diagnostic,0.375,0.5,5,0.0008753931407933458,9.500024201152901e-05,5
pure_adamw,0.1,structured_grid_diagnostic,0.375,0.625,5,0.0008204697505593383,9.133499529848912e-05,5
pure_adamw,0.1,structured_grid_diagnostic,0.375,0.75,5,0.0007406396953149929,0.00010768064480568928,5
pure_adamw,0.1,structured_grid_diagnostic,0.375,0.875,5,0.000615106020185463,0.0001034688748500753,5
pure_adamw,0.1,structured_grid_diagnostic,0.375,1.0,5,0.00046296551764339887,0.00012644263994457492,5
pure_adamw,0.1,structured_grid_diagnostic,0.5,0.0,5,0.0008505841411454273,7.495867562916439e-05,5
pure_adamw,0.1,structured_grid_diagnostic,0.5,0.125,5,0.0009311745940307148,7.599262861012885e-05,5
pure_adamw,0.1,structured_grid_diagnostic,0.5,0.25,5,0.0009648723286281413,8.631074654309666e-05,5
pure_adamw,0.1,structured_grid_diagnostic,0.5,0.375,5,0.0009790561486027638,9.77851826626281e-05,5
pure_adamw,0.1,structured_grid_diagnostic,0.5,0.5,5,0.0009454182043205694,0.00011614281534711444,5
pure_adamw,0.1,structured_grid_diagnostic,0.5,0.625,5,0.00089188887168965,0.00011784983849692801,5
pure_adamw,0.1,structured_grid_diagnostic,0.5,0.75,5,0.0007955141604266025,0.00011464565277979768,5
pure_adamw,0.1,structured_grid_diagnostic,0.5,0.875,5,0.0006626740346235227,0.00012478583988813973,5
pure_adamw,0.1,structured_grid_diagnostic,0.5,1.0,5,0.0005080042322292311,0.00013171403809624153,5
pure_adamw,0.1,structured_grid_diagnostic,0.625,0.0,5,0.0008888858279487266,9.924209708781013e-05,5
pure_adamw,0.1,structured_grid_diagnostic,0.625,0.125,5,0.0009594426809810041,9.336030797194745e-05,5
pure_adamw,0.1,structured_grid_diagnostic,0.625,0.25,5,0.0009917770219376454,0.00010487574438029021,5
pure_adamw,0.1,structured_grid_diagnostic,0.625,0.375,5,0.0009866544080833427,0.00010663612609156189,5
pure_adamw,0.1,structured_grid_diagnostic,0.625,0.5,5,0.0009546749417599365,0.0001208000640539489,5
pure_adamw,0.1,structured_grid_diagnostic,0.625,0.625,5,0.0008863610796748134,0.00012372854090982887,5
pure_adamw,0.1,structured_grid_diagnostic,0.625,0.75,5,0.0007782602395347115,0.0001396240399650876,5
pure_adamw,0.1,structured_grid_diagnostic,0.625,0.875,5,0.0006427359945013311,0.0001376672561736441,5
pure_adamw,0.1,structured_grid_diagnostic,0.625,1.0,5,0.0004766138611706605,0.00015917998811701916,5
pure_adamw,0.1,structured_grid_diagnostic,0.75,0.0,5,0.0008618493183701226,0.00011559029129329693,5
pure_adamw,0.1,structured_grid_diagnostic,0.75,0.125,5,0.0009212855677211528,0.00012490674141942077,5
pure_adamw,0.1,structured_grid_diagnostic,0.75,0.25,5,0.000946677147169872,0.00012525750087536455,5
pure_adamw,0.1,structured_grid_diagnostic,0.75,0.375,5,0.0009314981336420392,0.00013426472793673022,5
pure_adamw,0.1,structured_grid_diagnostic,0.75,0.5,5,0.000893066532186193,0.00014078354492822408,5
pure_adamw,0.1,structured_grid_diagnostic,0.75,0.625,5,0.0008129312236547559,0.00014764410501933296,5
pure_adamw,0.1,structured_grid_diagnostic,0.75,0.75,5,0.000704923335558405,0.00015434929707960763,5
pure_adamw,0.1,structured_grid_diagnostic,0.75,0.875,5,0.0005626759018385385,0.0001611237267332418,5
pure_adamw,0.1,structured_grid_diagnostic,0.75,1.0,5,0.0003885563597189723,0.00017924052782592557,5
pure_adamw,0.1,structured_grid_diagnostic,0.875,0.0,5,0.0007479196545902677,0.00013528977751504735,5
pure_adamw,0.1,structured_grid_diagnostic,0.875,0.125,5,0.000808600664736625,0.00014095915212444048,5
pure_adamw,0.1,structured_grid_diagnostic,0.875,0.25,5,0.0008232340414623618,0.00015000149732988043,5
pure_adamw,0.1,structured_grid_diagnostic,0.875,0.375,5,0.0008081225686789484,0.00016312570568471037,5
pure_adamw,0.1,structured_grid_diagnostic,0.875,0.5,5,0.0007633402229056507,0.00018227381084058177,5
pure_adamw,0.1,structured_grid_diagnostic,0.875,0.625,5,0.0006791734521847115,0.0001734009963498957,5
pure_adamw,0.1,structured_grid_diagnostic,0.875,0.75,5,0.0005615278155198577,0.0001885480117587169,5
pure_adamw,0.1,structured_grid_diagnostic,0.875,0.875,5,0.0004091760321054849,0.00019064832504899184,5
pure_adamw,0.1,structured_grid_diagnostic,0.875,1.0,5,0.00022953932329414784,0.00020978583918658373,5
pure_adamw,0.1,structured_grid_diagnostic,1.0,0.0,5,0.0005866573155889565,0.00015273257460263992,5
pure_adamw,0.1,structured_grid_diagnostic,1.0,0.125,5,0.0006328499235585649,0.00015697231519669458,5
pure_adamw,0.1,structured_grid_diagnostic,1.0,0.25,5,0.00064176307326953,0.00016603627782378378,5
pure_adamw,0.1,structured_grid_diagnostic,1.0,0.375,5,0.0006216098032746587,0.00017915616186684477,5
pure_adamw,0.1,structured_grid_diagnostic,1.0,0.5,5,0.0005668819109180933,0.00019313866254069267,5
pure_adamw,0.1,structured_grid_diagnostic,1.0,0.625,5,0.0004719695246260702,0.00019211161281776083,5
pure_adamw,0.1,structured_grid_diagnostic,1.0,0.75,5,0.00034154770921097645,0.00020349039736169825,5
pure_adamw,0.1,structured_grid_diagnostic,1.0,0.875,5,0.00019412705912777995,0.00021420673145527413,5
pure_adamw,0.1,structured_grid_diagnostic,1.0,1.0,5,1.406229614486776e-06,0.0002172947937130676,2
pure_adamw,0.15,scalar_grid_diagnostic,0.0,0.0,5,0.0,0.0,0
pure_adamw,0.15,scalar_grid_diagnostic,0.05,0.05,5,0.0004064233424269315,6.122045330692088e-05,5
pure_adamw,0.15,scalar_grid_diagnostic,0.1,0.1,5,0.0007780613907031775,7.722598758780166e-05,5
pure_adamw,0.15,scalar_grid_diagnostic,0.15,0.15,5,0.0011108540629732656,9.47882301033883e-05,5
pure_adamw,0.15,scalar_grid_diagnostic,0.2,0.2,5,0.0014165614024858274,0.00011981207514488577,5
pure_adamw,0.15,scalar_grid_diagnostic,0.25,0.25,5,0.0016986182146886187,0.0001484793284148947,5
pure_adamw,0.15,scalar_grid_diagnostic,0.3,0.3,5,0.001939855420091785,0.00016695224091866148,5
pure_adamw,0.15,scalar_grid_diagnostic,0.35,0.35,5,0.002157467393949375,0.000196189090297307,5
pure_adamw,0.15,scalar_grid_diagnostic,0.4,0.4,5,0.0023444400444594836,0.00020007691844290106,5
pure_adamw,0.15,scalar_grid_diagnostic,0.45,0.45,5,0.002495718139502312,0.00022610915038707443,5
pure_adamw,0.15,scalar_grid_diagnostic,0.5,0.5,5,0.002608968625899921,0.00024188316097879524,5
pure_adamw,0.15,scalar_grid_diagnostic,0.55,0.55,5,0.002686931639796297,0.0002606038328676277,5
pure_adamw,0.15,scalar_grid_diagnostic,0.6,0.6,5,0.0027528134551927153,0.0002731986439983053,5
pure_adamw,0.15,scalar_grid_diagnostic,0.65,0.65,5,0.002770135402303442,0.00029457391264917017,5
pure_adamw,0.15,scalar_grid_diagnostic,0.7,0.7,5,0.002761683277251903,0.00029547007618807705,5
pure_adamw,0.15,scalar_grid_diagnostic,0.75,0.75,5,0.0027327081399243893,0.0003095929481246521,5
pure_adamw,0.15,scalar_grid_diagnostic,0.8,0.8,5,0.0026730858600158224,0.0003286999080682918,5
pure_adamw,0.15,scalar_grid_diagnostic,0.85,0.85,5,0.002571569146102526,0.0003361199289922809,5
pure_adamw,0.15,scalar_grid_diagnostic,0.9,0.9,5,0.0024469698124338192,0.00034050980176729385,5
pure_adamw,0.15,scalar_grid_diagnostic,0.95,0.95,5,0.002289555492436479,0.0003442384653596697,5
pure_adamw,0.15,scalar_grid_diagnostic,1.0,1.0,5,0.002105468286169021,0.00036102159629260795,5
pure_adamw,0.15,structured_grid_diagnostic,0.0,0.0,5,0.0,0.0,0
pure_adamw,0.15,structured_grid_diagnostic,0.0,0.125,5,0.0003046435822512628,5.478780187227803e-05,5
pure_adamw,0.15,structured_grid_diagnostic,0.0,0.25,5,0.0005326612667400976,7.417867192452373e-05,5
pure_adamw,0.15,structured_grid_diagnostic,0.0,0.375,5,0.0007236928417297062,8.790096015515433e-05,5
pure_adamw,0.15,structured_grid_diagnostic,0.0,0.5,5,0.000845135510531847,0.00010433212269810815,5
pure_adamw,0.15,structured_grid_diagnostic,0.0,0.625,5,0.0009139211003595715,0.00012939186009196268,5
pure_adamw,0.15,structured_grid_diagnostic,0.0,0.75,5,0.0009292349955789536,0.00015515684812232954,5
pure_adamw,0.15,structured_grid_diagnostic,0.0,0.875,5,0.0008854515618305303,0.0001657846025437935,5
pure_adamw,0.15,structured_grid_diagnostic,0.0,1.0,5,0.0007944718118793493,0.0001840659578726975,5
pure_adamw,0.15,structured_grid_diagnostic,0.125,0.0,5,0.0006612684895826781,4.685340427337346e-05,5
pure_adamw,0.15,structured_grid_diagnostic,0.125,0.125,5,0.0009553580511480142,8.655298205088188e-05,5
pure_adamw,0.15,structured_grid_diagnostic,0.125,0.25,5,0.0011729966178552153,0.00010959240775675145,5
pure_adamw,0.15,structured_grid_diagnostic,0.125,0.375,5,0.001339347724137152,0.00012215443003246677,5
pure_adamw,0.15,structured_grid_diagnostic,0.125,0.5,5,0.001458340296474292,0.00014448056341906084,5
pure_adamw,0.15,structured_grid_diagnostic,0.125,0.625,5,0.001509362507678791,0.00016301254466848594,5
pure_adamw,0.15,structured_grid_diagnostic,0.125,0.75,5,0.001510471675696623,0.00017910231217406556,5
pure_adamw,0.15,structured_grid_diagnostic,0.125,0.875,5,0.0014496734296909786,0.00020414533203749416,5
pure_adamw,0.15,structured_grid_diagnostic,0.125,1.0,5,0.0013365090434157788,0.00021118099873937817,5
pure_adamw,0.15,structured_grid_diagnostic,0.25,0.0,5,0.001220595726585527,0.00010506665101110512,5
pure_adamw,0.15,structured_grid_diagnostic,0.25,0.125,5,0.001496040181318481,0.00013868341463154995,5
pure_adamw,0.15,structured_grid_diagnostic,0.25,0.25,5,0.0016986182146886187,0.0001484793284148947,5
pure_adamw,0.15,structured_grid_diagnostic,0.25,0.375,5,0.0018528432973558217,0.0001629978091634498,5
pure_adamw,0.15,structured_grid_diagnostic,0.25,0.5,5,0.0019498824310471452,0.00018751723847641375,5
pure_adamw,0.15,structured_grid_diagnostic,0.25,0.625,5,0.0019916078794733226,0.00020717333598975428,5
pure_adamw,0.15,structured_grid_diagnostic,0.25,0.75,5,0.001978107001101259,0.00021011565765446385,5
pure_adamw,0.15,structured_grid_diagnostic,0.25,0.875,5,0.0019076121040302318,0.00022494291315958547,5
pure_adamw,0.15,structured_grid_diagnostic,0.25,1.0,5,0.0017731629730675103,0.00024098415406163828,5
pure_adamw,0.15,structured_grid_diagnostic,0.375,0.0,5,0.0016622279276029771,0.0001387245974668171,5
pure_adamw,0.15,structured_grid_diagnostic,0.375,0.125,5,0.0019217708326233485,0.00016662309600413457,5
pure_adamw,0.15,structured_grid_diagnostic,0.375,0.25,5,0.0021066556477619793,0.00017682618478893054,5
pure_adamw,0.15,structured_grid_diagnostic,0.375,0.375,5,0.0022578487146137417,0.0001942817286760535,5
pure_adamw,0.15,structured_grid_diagnostic,0.375,0.5,5,0.002344154888420924,0.00021696210876752395,5
pure_adamw,0.15,structured_grid_diagnostic,0.375,0.625,5,0.00235984081356313,0.0002294842015955054,5
pure_adamw,0.15,structured_grid_diagnostic,0.375,0.75,5,0.00232464051906347,0.00024062074678214926,5
pure_adamw,0.15,structured_grid_diagnostic,0.375,0.875,5,0.002246771665033576,0.00026321672463995094,5
pure_adamw,0.15,structured_grid_diagnostic,0.375,1.0,5,0.0021036483297878217,0.00027822728161754843,5
pure_adamw,0.15,structured_grid_diagnostic,0.5,0.0,5,0.0019938603800259357,0.00017513045521119934,5
pure_adamw,0.15,structured_grid_diagnostic,0.5,0.125,5,0.0022375155336165076,0.00020423862090668168,5
pure_adamw,0.15,structured_grid_diagnostic,0.5,0.25,5,0.002410158192548506,0.00020999945246846468,5
pure_adamw,0.15,structured_grid_diagnostic,0.5,0.375,5,0.0025389840475861904,0.00022257961673658388,5
pure_adamw,0.15,structured_grid_diagnostic,0.5,0.5,5,0.002608968625899921,0.00024188316097879524,5
pure_adamw,0.15,structured_grid_diagnostic,0.5,0.625,5,0.0026172551001720557,0.0002620331091653941,5
pure_adamw,0.15,structured_grid_diagnostic,0.5,0.75,5,0.002570906865669764,0.00026745779109679487,5
pure_adamw,0.15,structured_grid_diagnostic,0.5,0.875,5,0.0024800050227541614,0.00028297832370335506,5
pure_adamw,0.15,structured_grid_diagnostic,0.5,1.0,5,0.002331624037094482,0.0002924346115594856,5
pure_adamw,0.15,structured_grid_diagnostic,0.625,0.0,5,0.002208320238012007,0.00020395581046787843,5
pure_adamw,0.15,structured_grid_diagnostic,0.625,0.125,5,0.0024370288763197133,0.00024529389022189365,5
pure_adamw,0.15,structured_grid_diagnostic,0.625,0.25,5,0.0025971618278040954,0.00024289469962540712,5
pure_adamw,0.15,structured_grid_diagnostic,0.625,0.375,5,0.0027137256497987484,0.00024745691303073073,5
pure_adamw,0.15,structured_grid_diagnostic,0.625,0.5,5,0.002767073421605426,0.00025446670604557814,5
pure_adamw,0.15,structured_grid_diagnostic,0.625,0.625,5,0.002765686634181019,0.0002846784562061065,5
pure_adamw,0.15,structured_grid_diagnostic,0.625,0.75,5,0.0027137125356270888,0.00028310890011890103,5
pure_adamw,0.15,structured_grid_diagnostic,0.625,0.875,5,0.002593672859053697,0.0003101935958569282,5
pure_adamw,0.15,structured_grid_diagnostic,0.625,1.0,5,0.002427333757810679,0.0003103556543620277,5
pure_adamw,0.15,structured_grid_diagnostic,0.75,0.0,5,0.002307731968126525,0.00023162450679693216,5
pure_adamw,0.15,structured_grid_diagnostic,0.75,0.125,5,0.0025265919912844216,0.000255988787164963,5
pure_adamw,0.15,structured_grid_diagnostic,0.75,0.25,5,0.002681424370303276,0.00026716106801843493,5
pure_adamw,0.15,structured_grid_diagnostic,0.75,0.375,5,0.0027730423934220205,0.000275893837257757,5
pure_adamw,0.15,structured_grid_diagnostic,0.75,0.5,5,0.0028192623352746526,0.00028154172055242356,5
pure_adamw,0.15,structured_grid_diagnostic,0.75,0.625,5,0.002797263893276325,0.0003079166316877487,5
pure_adamw,0.15,structured_grid_diagnostic,0.75,0.75,5,0.0027327081399243893,0.0003095929481246521,5
pure_adamw,0.15,structured_grid_diagnostic,0.75,0.875,5,0.0026087830955285884,0.0003253748654656497,5
pure_adamw,0.15,structured_grid_diagnostic,0.75,1.0,5,0.0024261483512564297,0.00033495252122767334,5
pure_adamw,0.15,structured_grid_diagnostic,0.875,0.0,5,0.0023013120408160504,0.0002560971481959298,5
pure_adamw,0.15,structured_grid_diagnostic,0.875,0.125,5,0.0025035225233099646,0.00027124201222766147,5
pure_adamw,0.15,structured_grid_diagnostic,0.875,0.25,5,0.002645714579809155,0.00027936658450949383,5
pure_adamw,0.15,structured_grid_diagnostic,0.875,0.375,5,0.0027260058117456244,0.0002990352685826207,5
pure_adamw,0.15,structured_grid_diagnostic,0.875,0.5,5,0.0027585675428806857,0.000298468142343702,5
pure_adamw,0.15,structured_grid_diagnostic,0.875,0.625,5,0.0027342931357727807,0.00032199455696111995,5
pure_adamw,0.15,structured_grid_diagnostic,0.875,0.75,5,0.00264846613140719,0.000328550127839622,5
pure_adamw,0.15,structured_grid_diagnostic,0.875,0.875,5,0.002513662208428924,0.00034118979601676356,5
pure_adamw,0.15,structured_grid_diagnostic,0.875,1.0,5,0.002320675874732103,0.0003452267437822948,5
pure_adamw,0.15,structured_grid_diagnostic,1.0,0.0,5,0.002189446626905811,0.0002545888914932181,5
pure_adamw,0.15,structured_grid_diagnostic,1.0,0.125,5,0.002383570106119448,0.0002956458455720423,5
pure_adamw,0.15,structured_grid_diagnostic,1.0,0.25,5,0.0024959633578272022,0.0002901833915971354,5
pure_adamw,0.15,structured_grid_diagnostic,1.0,0.375,5,0.0025760476681810918,0.0003087895508630931,5
pure_adamw,0.15,structured_grid_diagnostic,1.0,0.5,5,0.002591579208010364,0.00032241375320502013,5
pure_adamw,0.15,structured_grid_diagnostic,1.0,0.625,5,0.0025522471184967976,0.00033171105893987495,5
pure_adamw,0.15,structured_grid_diagnostic,1.0,0.75,5,0.0024512074743729072,0.00034452429999380624,5
pure_adamw,0.15,structured_grid_diagnostic,1.0,0.875,5,0.002307904271832184,0.0003552632611163938,5
pure_adamw,0.15,structured_grid_diagnostic,1.0,1.0,5,0.002105468286169021,0.00036102159629260795,5
