optimizer,active_floor,stream_seed,quantity,value
native,0.1,11103,schedule_effect_raw,0.0010589267486813547
native,0.1,11103,schedule_effect_scalar_dev_selected,-0.0004099869426716918
native,0.1,11103,schedule_effect_structured_dev_selected,-0.0003411749839101752
native,0.1,11103,interaction_raw_minus_structured,0.00140010173259153
native,0.1,11103,interaction_scalar_minus_structured,-6.881195876151658e-05
native,0.1,12203,schedule_effect_raw,8.142178111247844e-05
native,0.1,12203,schedule_effect_scalar_dev_selected,-0.0012966172860124914
native,0.1,12203,schedule_effect_structured_dev_selected,-0.0013622667957280399
native,0.1,12203,interaction_raw_minus_structured,0.0014436885768405183
native,0.1,12203,interaction_scalar_minus_structured,6.56495097155485e-05
native,0.1,13303,schedule_effect_raw,0.0009602500196079777
native,0.1,13303,schedule_effect_scalar_dev_selected,-0.0003386714006641256
native,0.1,13303,schedule_effect_structured_dev_selected,-0.00039968378210719635
native,0.1,13303,interaction_raw_minus_structured,0.001359933801715174
native,0.1,13303,interaction_scalar_minus_structured,6.101238144307075e-05
native,0.1,14403,schedule_effect_raw,0.0005716483843374309
native,0.1,14403,schedule_effect_scalar_dev_selected,-0.0008149854619434738
native,0.1,14403,schedule_effect_structured_dev_selected,-0.0008671443673256007
native,0.1,14403,interaction_raw_minus_structured,0.0014387927516630317
native,0.1,14403,interaction_scalar_minus_structured,5.2158905382126974e-05
native,0.1,15503,schedule_effect_raw,0.0019037433295907569
native,0.1,15503,schedule_effect_scalar_dev_selected,0.0004249484309635232
native,0.1,15503,schedule_effect_structured_dev_selected,0.0004298660233421625
native,0.1,15503,interaction_raw_minus_structured,0.0014738773062485944
native,0.1,15503,interaction_scalar_minus_structured,-4.917592378639313e-06
native,0.15,11103,schedule_effect_raw,0.0037130813997534595
native,0.15,11103,schedule_effect_scalar_dev_selected,-0.0009822926057168058
native,0.15,11103,schedule_effect_structured_dev_selected,-0.0009058742442036305
native,0.15,11103,interaction_raw_minus_structured,0.00461895564395709
native,0.15,11103,interaction_scalar_minus_structured,-7.641836151317527e-05
native,0.15,12203,schedule_effect_raw,0.002814703386155193
native,0.15,12203,schedule_effect_scalar_dev_selected,-0.001697102468276812
native,0.15,12203,schedule_effect_structured_dev_selected,-0.0017835257082066125
native,0.15,12203,interaction_raw_minus_structured,0.004598229094361805
native,0.15,12203,interaction_scalar_minus_structured,8.642323992980039e-05
native,0.15,13303,schedule_effect_raw,0.0045339395758563494
native,0.15,13303,schedule_effect_scalar_dev_selected,-4.465723575974856e-05
native,0.15,13303,schedule_effect_structured_dev_selected,-0.00013936187122842725
native,0.15,13303,interaction_raw_minus_structured,0.004673301447084777
native,0.15,13303,interaction_scalar_minus_structured,9.470463546867869e-05
native,0.15,14403,schedule_effect_raw,0.0037661114552010044
native,0.15,14403,schedule_effect_scalar_dev_selected,-0.0007998562985476187
native,0.15,14403,schedule_effect_structured_dev_selected,-0.0008609478656413927
native,0.15,14403,interaction_raw_minus_structured,0.004627059320842397
native,0.15,14403,interaction_scalar_minus_structured,6.109156709377395e-05
native,0.15,15503,schedule_effect_raw,0.003956558141048561
native,0.15,15503,schedule_effect_scalar_dev_selected,-0.0006960400077293816
native,0.15,15503,schedule_effect_structured_dev_selected,-0.0007208408705265956
native,0.15,15503,interaction_raw_minus_structured,0.004677399011575156
native,0.15,15503,interaction_scalar_minus_structured,2.480086279721405e-05
pure_adamw,0.1,11103,schedule_effect_raw,0.0026056826770894936
pure_adamw,0.1,11103,schedule_effect_scalar_dev_selected,0.0018504671211632129
pure_adamw,0.1,11103,schedule_effect_structured_dev_selected,0.0018473813811963335
pure_adamw,0.1,11103,interaction_raw_minus_structured,0.0007583012958931601
pure_adamw,0.1,11103,interaction_scalar_minus_structured,3.0857399668793306e-06
pure_adamw,0.1,12203,schedule_effect_raw,0.0029128588837394886
pure_adamw,0.1,12203,schedule_effect_scalar_dev_selected,0.0022581655535156564
pure_adamw,0.1,12203,schedule_effect_structured_dev_selected,0.0022806451363419633
pure_adamw,0.1,12203,interaction_raw_minus_structured,0.0006322137473975253
pure_adamw,0.1,12203,interaction_scalar_minus_structured,-2.247958282630691e-05
pure_adamw,0.1,13303,schedule_effect_raw,-9.663889331146258e-05
pure_adamw,0.1,13303,schedule_effect_scalar_dev_selected,-0.0008296161133376501
pure_adamw,0.1,13303,schedule_effect_structured_dev_selected,-0.0008062763149188079
pure_adamw,0.1,13303,interaction_raw_minus_structured,0.0007096374216073453
pure_adamw,0.1,13303,interaction_scalar_minus_structured,-2.333979841884215e-05
pure_adamw,0.1,14403,schedule_effect_raw,0.000979241521003038
pure_adamw,0.1,14403,schedule_effect_scalar_dev_selected,0.0001328591896176956
pure_adamw,0.1,14403,schedule_effect_structured_dev_selected,0.00011242685129575491
pure_adamw,0.1,14403,interaction_raw_minus_structured,0.0008668146697072832
pure_adamw,0.1,14403,interaction_scalar_minus_structured,2.043233832194069e-05
pure_adamw,0.1,15503,schedule_effect_raw,-0.0007784655545890473
pure_adamw,0.1,15503,schedule_effect_scalar_dev_selected,-0.0015575575510453632
pure_adamw,0.1,15503,schedule_effect_structured_dev_selected,-0.00155641892589653
pure_adamw,0.1,15503,interaction_raw_minus_structured,0.0007779533713074827
pure_adamw,0.1,15503,interaction_scalar_minus_structured,-1.1386251488332277e-06
pure_adamw,0.15,11103,schedule_effect_raw,0.0029833534296193065
pure_adamw,0.15,11103,schedule_effect_scalar_dev_selected,0.0004984251262458717
pure_adamw,0.15,11103,schedule_effect_structured_dev_selected,0.0005699953531135282
pure_adamw,0.15,11103,interaction_raw_minus_structured,0.0024133580765057783
pure_adamw,0.15,11103,interaction_scalar_minus_structured,-7.157022686765657e-05
pure_adamw,0.15,12203,schedule_effect_raw,-0.0028535174603741
pure_adamw,0.15,12203,schedule_effect_scalar_dev_selected,-0.005220128962756698
pure_adamw,0.15,12203,schedule_effect_structured_dev_selected,-0.005139892654055345
pure_adamw,0.15,12203,interaction_raw_minus_structured,0.002286375193681245
pure_adamw,0.15,12203,interaction_scalar_minus_structured,-8.023630870135356e-05
pure_adamw,0.15,13303,schedule_effect_raw,0.013365068290288606
pure_adamw,0.15,13303,schedule_effect_scalar_dev_selected,0.010776394332799644
pure_adamw,0.15,13303,schedule_effect_structured_dev_selected,0.010819295928702566
pure_adamw,0.15,13303,interaction_raw_minus_structured,0.0025457723615860406
pure_adamw,0.15,13303,interaction_scalar_minus_structured,-4.2901595902922196e-05
pure_adamw,0.15,14403,schedule_effect_raw,0.00025113220363714994
pure_adamw,0.15,14403,schedule_effect_scalar_dev_selected,-0.002201743088592778
pure_adamw,0.15,14403,schedule_effect_structured_dev_selected,-0.002145056452508065
pure_adamw,0.15,14403,interaction_raw_minus_structured,0.002396188656145215
pure_adamw,0.15,14403,interaction_scalar_minus_structured,-5.6686636084712916e-05
pure_adamw,0.15,15503,schedule_effect_raw,0.003460799800532266
pure_adamw,0.15,15503,schedule_effect_scalar_dev_selected,0.0012677763140924725
pure_adamw,0.15,15503,schedule_effect_structured_dev_selected,0.0013306495532054985
pure_adamw,0.15,15503,interaction_raw_minus_structured,0.0021301502473267675
pure_adamw,0.15,15503,interaction_scalar_minus_structured,-6.2873239113026e-05
