optimizer,stream_seed,baseline_id,candidate_id,gain_vs_baseline
native,240503,scalar|alpha=0.500,scalar|alpha=0.500,0.0
native,251603,scalar|alpha=0.500,scalar|alpha=0.500,0.0
native,262703,scalar|alpha=0.500,scalar|alpha=0.500,0.0
native,273803,scalar|alpha=0.500,scalar|alpha=0.500,0.0
native,284903,scalar|alpha=0.500,scalar|alpha=0.500,0.0
native,296003,scalar|alpha=0.500,scalar|alpha=0.500,0.0
native,307103,scalar|alpha=0.500,scalar|alpha=0.500,0.0
native,318203,scalar|alpha=0.500,scalar|alpha=0.500,0.0
native,240503,scalar|alpha=0.500,adaptive_affine|intercept=0.450|rest=0.250|slope=0.250,-1.5097591647972308e-06
native,251603,scalar|alpha=0.500,adaptive_affine|intercept=0.450|rest=0.250|slope=0.250,-2.737436416233585e-05
native,262703,scalar|alpha=0.500,adaptive_affine|intercept=0.450|rest=0.250|slope=0.250,2.253284083542084e-06
native,273803,scalar|alpha=0.500,adaptive_affine|intercept=0.450|rest=0.250|slope=0.250,2.280349321170938e-05
native,284903,scalar|alpha=0.500,adaptive_affine|intercept=0.450|rest=0.250|slope=0.250,5.387620338614951e-05
native,296003,scalar|alpha=0.500,adaptive_affine|intercept=0.450|rest=0.250|slope=0.250,9.098991570888337e-05
native,307103,scalar|alpha=0.500,adaptive_affine|intercept=0.450|rest=0.250|slope=0.250,0.0001216413486100354
native,318203,scalar|alpha=0.500,adaptive_affine|intercept=0.450|rest=0.250|slope=0.250,0.00013530460607436012
native,240503,scalar|alpha=0.500,adaptive_binary|high=0.650|low=0.550|rest=0.250,-1.4748602141345657e-05
native,251603,scalar|alpha=0.500,adaptive_binary|high=0.650|low=0.550|rest=0.250,-1.2526492066733397e-05
native,262703,scalar|alpha=0.500,adaptive_binary|high=0.650|low=0.550|rest=0.250,1.6126172046826426e-05
native,273803,scalar|alpha=0.500,adaptive_binary|high=0.650|low=0.550|rest=0.250,4.521634132692576e-05
native,284903,scalar|alpha=0.500,adaptive_binary|high=0.650|low=0.550|rest=0.250,1.8369292510200808e-05
native,296003,scalar|alpha=0.500,adaptive_binary|high=0.650|low=0.550|rest=0.250,9.501246783338857e-05
native,307103,scalar|alpha=0.500,adaptive_binary|high=0.650|low=0.550|rest=0.250,0.00010999654555776672
native,318203,scalar|alpha=0.500,adaptive_binary|high=0.650|low=0.550|rest=0.250,0.0001328091196857173
native,240503,scalar|alpha=0.500,attn_mlp_rest|attn=0.550|mlp=0.650|rest=0.250,4.435404683533761e-06
native,251603,scalar|alpha=0.500,attn_mlp_rest|attn=0.550|mlp=0.650|rest=0.250,2.254853981087379e-06
native,262703,scalar|alpha=0.500,attn_mlp_rest|attn=0.550|mlp=0.650|rest=0.250,3.313188624320951e-05
native,273803,scalar|alpha=0.500,attn_mlp_rest|attn=0.550|mlp=0.650|rest=0.250,3.1777206996874696e-05
native,284903,scalar|alpha=0.500,attn_mlp_rest|attn=0.550|mlp=0.650|rest=0.250,3.82415863255936e-05
native,296003,scalar|alpha=0.500,attn_mlp_rest|attn=0.550|mlp=0.650|rest=0.250,9.543504099118749e-05
native,307103,scalar|alpha=0.500,attn_mlp_rest|attn=0.550|mlp=0.650|rest=0.250,0.000126436460109014
native,318203,scalar|alpha=0.500,attn_mlp_rest|attn=0.550|mlp=0.650|rest=0.250,0.00013303198868386268
native,240503,scalar|alpha=0.500,complement_split|embedding=0.000|hidden=0.650|other=0.250|scalar=0.250|unembed=0.450,8.877625708914039e-05
native,251603,scalar|alpha=0.500,complement_split|embedding=0.000|hidden=0.650|other=0.250|scalar=0.250|unembed=0.450,8.891808595690165e-05
native,262703,scalar|alpha=0.500,complement_split|embedding=0.000|hidden=0.650|other=0.250|scalar=0.250|unembed=0.450,0.00010134047976384508
native,273803,scalar|alpha=0.500,complement_split|embedding=0.000|hidden=0.650|other=0.250|scalar=0.250|unembed=0.450,0.00015764478492319434
native,284903,scalar|alpha=0.500,complement_split|embedding=0.000|hidden=0.650|other=0.250|scalar=0.250|unembed=0.450,0.00013320646326597796
native,296003,scalar|alpha=0.500,complement_split|embedding=0.000|hidden=0.650|other=0.250|scalar=0.250|unembed=0.450,0.00019268219961587896
native,307103,scalar|alpha=0.500,complement_split|embedding=0.000|hidden=0.650|other=0.250|scalar=0.250|unembed=0.450,0.00023327681979523618
native,318203,scalar|alpha=0.500,complement_split|embedding=0.000|hidden=0.650|other=0.250|scalar=0.250|unembed=0.450,0.00023210507935322866
native,240503,scalar|alpha=0.500,depth_half_rest|early=0.650|late=0.550|rest=0.250,2.1782328656350103e-06
native,251603,scalar|alpha=0.500,depth_half_rest|early=0.650|late=0.550|rest=0.250,-3.1702547564238515e-05
native,262703,scalar|alpha=0.500,depth_half_rest|early=0.650|late=0.550|rest=0.250,1.4136504606909739e-05
native,273803,scalar|alpha=0.500,depth_half_rest|early=0.650|late=0.550|rest=0.250,2.448702970925254e-05
native,284903,scalar|alpha=0.500,depth_half_rest|early=0.650|late=0.550|rest=0.250,2.8993893820494776e-05
native,296003,scalar|alpha=0.500,depth_half_rest|early=0.650|late=0.550|rest=0.250,7.143051601365968e-05
native,307103,scalar|alpha=0.500,depth_half_rest|early=0.650|late=0.550|rest=0.250,0.00010220966750940086
native,318203,scalar|alpha=0.500,depth_half_rest|early=0.650|late=0.550|rest=0.250,0.00012426951662503072
native,240503,scalar|alpha=0.500,depth_thirds_rest|early=0.650|late=0.650|middle=0.650|rest=0.250,-2.22780169905068e-05
native,251603,scalar|alpha=0.500,depth_thirds_rest|early=0.650|late=0.650|middle=0.650|rest=0.250,-1.946929194174274e-05
native,262703,scalar|alpha=0.500,depth_thirds_rest|early=0.650|late=0.650|middle=0.650|rest=0.250,-7.616818640254763e-07
native,273803,scalar|alpha=0.500,depth_thirds_rest|early=0.650|late=0.650|middle=0.650|rest=0.250,1.6665786961134188e-05
native,284903,scalar|alpha=0.500,depth_thirds_rest|early=0.650|late=0.650|middle=0.650|rest=0.250,1.4574346862250565e-05
native,296003,scalar|alpha=0.500,depth_thirds_rest|early=0.650|late=0.650|middle=0.650|rest=0.250,7.406570104873111e-05
native,307103,scalar|alpha=0.500,depth_thirds_rest|early=0.650|late=0.650|middle=0.650|rest=0.250,0.00011662106624776847
native,318203,scalar|alpha=0.500,depth_thirds_rest|early=0.650|late=0.650|middle=0.650|rest=0.250,0.00010636316997159057
native,240503,scalar|alpha=0.500,functional4|attn_out=0.450|mlp_down=0.650|mlp_up=0.650|qkv=0.650|rest=0.250,7.98087628006705e-06
native,251603,scalar|alpha=0.500,functional4|attn_out=0.450|mlp_down=0.650|mlp_up=0.650|qkv=0.650|rest=0.250,-1.1994731457187768e-05
native,262703,scalar|alpha=0.500,functional4|attn_out=0.450|mlp_down=0.650|mlp_up=0.650|qkv=0.650|rest=0.250,3.130336620160712e-05
native,273803,scalar|alpha=0.500,functional4|attn_out=0.450|mlp_down=0.650|mlp_up=0.650|qkv=0.650|rest=0.250,3.126743125236864e-05
native,284903,scalar|alpha=0.500,functional4|attn_out=0.450|mlp_down=0.650|mlp_up=0.650|qkv=0.650|rest=0.250,3.9467852459562636e-05
native,296003,scalar|alpha=0.500,functional4|attn_out=0.450|mlp_down=0.650|mlp_up=0.650|qkv=0.650|rest=0.250,9.613602950508948e-05
native,307103,scalar|alpha=0.500,functional4|attn_out=0.450|mlp_down=0.650|mlp_up=0.650|qkv=0.650|rest=0.250,0.00011887528421894444
native,318203,scalar|alpha=0.500,functional4|attn_out=0.450|mlp_down=0.650|mlp_up=0.650|qkv=0.650|rest=0.250,0.00013997875781712743
native,240503,scalar|alpha=0.500,hidden_rest|hidden=0.625|rest=0.250,-1.4778033474716068e-05
native,251603,scalar|alpha=0.500,hidden_rest|hidden=0.625|rest=0.250,-1.6227810183400138e-05
native,262703,scalar|alpha=0.500,hidden_rest|hidden=0.625|rest=0.250,2.3989901590359963e-05
native,273803,scalar|alpha=0.500,hidden_rest|hidden=0.625|rest=0.250,3.19875654095636e-05
native,284903,scalar|alpha=0.500,hidden_rest|hidden=0.625|rest=0.250,3.1401384301021906e-05
native,296003,scalar|alpha=0.500,hidden_rest|hidden=0.625|rest=0.250,8.33762966996332e-05
native,307103,scalar|alpha=0.500,hidden_rest|hidden=0.625|rest=0.250,0.00012135046730232801
native,318203,scalar|alpha=0.500,hidden_rest|hidden=0.625|rest=0.250,0.00010468266655161429
native,240503,scalar|alpha=0.500,input_write_rest|input=0.650|rest=0.250|write=0.550,-8.436109432796712e-06
native,251603,scalar|alpha=0.500,input_write_rest|input=0.650|rest=0.250|write=0.550,-2.1673729381443962e-05
native,262703,scalar|alpha=0.500,input_write_rest|input=0.650|rest=0.250|write=0.550,4.0902703469791746e-05
native,273803,scalar|alpha=0.500,input_write_rest|input=0.650|rest=0.250|write=0.550,2.896710607092068e-05
native,284903,scalar|alpha=0.500,input_write_rest|input=0.650|rest=0.250|write=0.550,1.2621581935379211e-05
native,296003,scalar|alpha=0.500,input_write_rest|input=0.650|rest=0.250|write=0.550,9.205151277935641e-05
native,307103,scalar|alpha=0.500,input_write_rest|input=0.650|rest=0.250|write=0.550,0.00012245840960045662
native,318203,scalar|alpha=0.500,input_write_rest|input=0.650|rest=0.250|write=0.550,0.0001328171445948989
native,240503,scalar|alpha=0.500,layer_scan|base=0.650|layer=7|rest=0.250|target=0.450,-2.2881478634051433e-05
native,251603,scalar|alpha=0.500,layer_scan|base=0.650|layer=7|rest=0.250|target=0.450,-3.0874301359062883e-05
native,262703,scalar|alpha=0.500,layer_scan|base=0.650|layer=7|rest=0.250|target=0.450,3.6482142631300007e-06
native,273803,scalar|alpha=0.500,layer_scan|base=0.650|layer=7|rest=0.250|target=0.450,2.4912028847579037e-05
native,284903,scalar|alpha=0.500,layer_scan|base=0.650|layer=7|rest=0.250|target=0.450,2.081829699296378e-06
native,296003,scalar|alpha=0.500,layer_scan|base=0.650|layer=7|rest=0.250|target=0.450,6.985790788927027e-05
native,307103,scalar|alpha=0.500,layer_scan|base=0.650|layer=7|rest=0.250|target=0.450,0.00011354043306366357
native,318203,scalar|alpha=0.500,layer_scan|base=0.650|layer=7|rest=0.250|target=0.450,0.00010554835038201205
native,240503,scalar|alpha=0.500,module_layer_scan|base=0.650|layer=11|module=attn|rest=0.250|target=0.450,-3.430924567071614e-05
native,251603,scalar|alpha=0.500,module_layer_scan|base=0.650|layer=11|module=attn|rest=0.250|target=0.450,-6.981275272988086e-06
native,262703,scalar|alpha=0.500,module_layer_scan|base=0.650|layer=11|module=attn|rest=0.250|target=0.450,-2.023201957301879e-06
native,273803,scalar|alpha=0.500,module_layer_scan|base=0.650|layer=11|module=attn|rest=0.250|target=0.450,1.9719182813737746e-05
native,284903,scalar|alpha=0.500,module_layer_scan|base=0.650|layer=11|module=attn|rest=0.250|target=0.450,2.5290123755183913e-05
native,296003,scalar|alpha=0.500,module_layer_scan|base=0.650|layer=11|module=attn|rest=0.250|target=0.450,8.39483534691432e-05
native,307103,scalar|alpha=0.500,module_layer_scan|base=0.650|layer=11|module=attn|rest=0.250|target=0.450,0.00011884103754544739
native,318203,scalar|alpha=0.500,module_layer_scan|base=0.650|layer=11|module=attn|rest=0.250|target=0.450,0.00011362550801630178
native,240503,scalar|alpha=0.500,square_rect_rest|rectangular=0.650|rest=0.250|square=0.550,1.070626407528863e-06
native,251603,scalar|alpha=0.500,square_rect_rest|rectangular=0.650|rest=0.250|square=0.550,-1.886159314246072e-05
native,262703,scalar|alpha=0.500,square_rect_rest|rectangular=0.650|rest=0.250|square=0.550,3.618549518891179e-05
native,273803,scalar|alpha=0.500,square_rect_rest|rectangular=0.650|rest=0.250|square=0.550,4.473882272404417e-05
native,284903,scalar|alpha=0.500,square_rect_rest|rectangular=0.650|rest=0.250|square=0.550,5.020289337642758e-05
native,296003,scalar|alpha=0.500,square_rect_rest|rectangular=0.650|rest=0.250|square=0.550,9.470479806306109e-05
native,307103,scalar|alpha=0.500,square_rect_rest|rectangular=0.650|rest=0.250|square=0.550,0.00012339057143817556
native,318203,scalar|alpha=0.500,square_rect_rest|rectangular=0.650|rest=0.250|square=0.550,0.00014235154765884772
native,240503,scalar|alpha=0.500,complement_split|embedding=0.000|hidden=0.650|other=0.250|scalar=0.250|unembed=0.300,6.005509237771989e-05
native,251603,scalar|alpha=0.500,complement_split|embedding=0.000|hidden=0.650|other=0.250|scalar=0.250|unembed=0.300,5.154831151465977e-05
native,262703,scalar|alpha=0.500,complement_split|embedding=0.000|hidden=0.650|other=0.250|scalar=0.250|unembed=0.300,7.866583793258997e-05
native,273803,scalar|alpha=0.500,complement_split|embedding=0.000|hidden=0.650|other=0.250|scalar=0.250|unembed=0.300,0.00011979695794583911
native,284903,scalar|alpha=0.500,complement_split|embedding=0.000|hidden=0.650|other=0.250|scalar=0.250|unembed=0.300,0.00010582726360852668
native,296003,scalar|alpha=0.500,complement_split|embedding=0.000|hidden=0.650|other=0.250|scalar=0.250|unembed=0.300,0.00016373062316499265
native,307103,scalar|alpha=0.500,complement_split|embedding=0.000|hidden=0.650|other=0.250|scalar=0.250|unembed=0.300,0.00019200268836194745
native,318203,scalar|alpha=0.500,complement_split|embedding=0.000|hidden=0.650|other=0.250|scalar=0.250|unembed=0.300,0.00020085436587846672
native,240503,scalar|alpha=0.500,complement_split|embedding=0.150|hidden=0.650|other=0.250|scalar=0.250|unembed=0.450,5.903728476086556e-05
native,251603,scalar|alpha=0.500,complement_split|embedding=0.150|hidden=0.650|other=0.250|scalar=0.250|unembed=0.450,5.189204795774671e-05
native,262703,scalar|alpha=0.500,complement_split|embedding=0.150|hidden=0.650|other=0.250|scalar=0.250|unembed=0.450,6.076174153002434e-05
native,273803,scalar|alpha=0.500,complement_split|embedding=0.150|hidden=0.650|other=0.250|scalar=0.250|unembed=0.450,0.00011226692647525738
native,284903,scalar|alpha=0.500,complement_split|embedding=0.150|hidden=0.650|other=0.250|scalar=0.250|unembed=0.450,0.00010355105831028055
native,296003,scalar|alpha=0.500,complement_split|embedding=0.150|hidden=0.650|other=0.250|scalar=0.250|unembed=0.450,0.0001539446735037142
native,307103,scalar|alpha=0.500,complement_split|embedding=0.150|hidden=0.650|other=0.250|scalar=0.250|unembed=0.450,0.0001924112007054557
native,318203,scalar|alpha=0.500,complement_split|embedding=0.150|hidden=0.650|other=0.250|scalar=0.250|unembed=0.450,0.0001868505150444122
native,240503,scalar|alpha=0.500,complement_split|embedding=0.000|hidden=0.650|other=0.250|scalar=0.250|unembed=0.150,-1.1822224976754114e-06
native,251603,scalar|alpha=0.500,complement_split|embedding=0.000|hidden=0.650|other=0.250|scalar=0.250|unembed=0.150,-1.3444804134898902e-05
native,262703,scalar|alpha=0.500,complement_split|embedding=0.000|hidden=0.650|other=0.250|scalar=0.250|unembed=0.150,3.26776696948361e-05
native,273803,scalar|alpha=0.500,complement_split|embedding=0.000|hidden=0.650|other=0.250|scalar=0.250|unembed=0.150,5.902620691800031e-05
native,284903,scalar|alpha=0.500,complement_split|embedding=0.000|hidden=0.650|other=0.250|scalar=0.250|unembed=0.150,4.913621488200626e-05
native,296003,scalar|alpha=0.500,complement_split|embedding=0.000|hidden=0.650|other=0.250|scalar=0.250|unembed=0.150,0.00010133512760801544
native,307103,scalar|alpha=0.500,complement_split|embedding=0.000|hidden=0.650|other=0.250|scalar=0.250|unembed=0.150,0.00013884437205446964
native,318203,scalar|alpha=0.500,complement_split|embedding=0.000|hidden=0.650|other=0.250|scalar=0.250|unembed=0.150,0.00014981278023284972
pure_adamw,240503,scalar|alpha=0.500,scalar|alpha=0.500,0.0
pure_adamw,251603,scalar|alpha=0.500,scalar|alpha=0.500,0.0
pure_adamw,262703,scalar|alpha=0.500,scalar|alpha=0.500,0.0
pure_adamw,273803,scalar|alpha=0.500,scalar|alpha=0.500,0.0
pure_adamw,284903,scalar|alpha=0.500,scalar|alpha=0.500,0.0
pure_adamw,296003,scalar|alpha=0.500,scalar|alpha=0.500,0.0
pure_adamw,307103,scalar|alpha=0.500,scalar|alpha=0.500,0.0
pure_adamw,318203,scalar|alpha=0.500,scalar|alpha=0.500,0.0
pure_adamw,240503,scalar|alpha=0.500,adaptive_affine|intercept=0.450|rest=0.250|slope=0.250,2.912667502963373e-06
pure_adamw,251603,scalar|alpha=0.500,adaptive_affine|intercept=0.450|rest=0.250|slope=0.250,6.773819319461083e-05
pure_adamw,262703,scalar|alpha=0.500,adaptive_affine|intercept=0.450|rest=0.250|slope=0.250,9.371509718780757e-05
pure_adamw,273803,scalar|alpha=0.500,adaptive_affine|intercept=0.450|rest=0.250|slope=0.250,3.7488890441528255e-05
pure_adamw,284903,scalar|alpha=0.500,adaptive_affine|intercept=0.450|rest=0.250|slope=0.250,6.379741233741854e-05
pure_adamw,296003,scalar|alpha=0.500,adaptive_affine|intercept=0.450|rest=0.250|slope=0.250,5.822300798685731e-05
pure_adamw,307103,scalar|alpha=0.500,adaptive_affine|intercept=0.450|rest=0.250|slope=0.250,1.818883809834304e-05
pure_adamw,318203,scalar|alpha=0.500,adaptive_affine|intercept=0.450|rest=0.250|slope=0.250,4.127171893419934e-05
pure_adamw,240503,scalar|alpha=0.500,adaptive_binary|high=0.650|low=0.550|rest=0.250,4.01277503989661e-05
pure_adamw,251603,scalar|alpha=0.500,adaptive_binary|high=0.650|low=0.550|rest=0.250,7.716668396562376e-05
pure_adamw,262703,scalar|alpha=0.500,adaptive_binary|high=0.650|low=0.550|rest=0.250,9.182763765780422e-05
pure_adamw,273803,scalar|alpha=0.500,adaptive_binary|high=0.650|low=0.550|rest=0.250,4.3558139876331836e-05
pure_adamw,284903,scalar|alpha=0.500,adaptive_binary|high=0.650|low=0.550|rest=0.250,6.191008530609388e-05
pure_adamw,296003,scalar|alpha=0.500,adaptive_binary|high=0.650|low=0.550|rest=0.250,6.25705839032431e-05
pure_adamw,307103,scalar|alpha=0.500,adaptive_binary|high=0.650|low=0.550|rest=0.250,3.35206681196798e-05
pure_adamw,318203,scalar|alpha=0.500,adaptive_binary|high=0.650|low=0.550|rest=0.250,5.8925544909049776e-05
pure_adamw,240503,scalar|alpha=0.500,attn_mlp_rest|attn=0.550|mlp=0.650|rest=0.250,1.143113572443788e-05
pure_adamw,251603,scalar|alpha=0.500,attn_mlp_rest|attn=0.550|mlp=0.650|rest=0.250,4.560468126380002e-05
pure_adamw,262703,scalar|alpha=0.500,attn_mlp_rest|attn=0.550|mlp=0.650|rest=0.250,7.173607610022614e-05
pure_adamw,273803,scalar|alpha=0.500,attn_mlp_rest|attn=0.550|mlp=0.650|rest=0.250,3.427116255627638e-05
pure_adamw,284903,scalar|alpha=0.500,attn_mlp_rest|attn=0.550|mlp=0.650|rest=0.250,4.094704313284403e-05
pure_adamw,296003,scalar|alpha=0.500,attn_mlp_rest|attn=0.550|mlp=0.650|rest=0.250,5.443510748781577e-05
pure_adamw,307103,scalar|alpha=0.500,attn_mlp_rest|attn=0.550|mlp=0.650|rest=0.250,2.7393149553356366e-05
pure_adamw,318203,scalar|alpha=0.500,attn_mlp_rest|attn=0.550|mlp=0.650|rest=0.250,2.714507598722271e-05
pure_adamw,240503,scalar|alpha=0.500,complement_split|embedding=0.000|hidden=0.650|other=0.250|scalar=0.250|unembed=0.450,0.00016014468714109498
pure_adamw,251603,scalar|alpha=0.500,complement_split|embedding=0.000|hidden=0.650|other=0.250|scalar=0.250|unembed=0.450,0.00021116560953382546
pure_adamw,262703,scalar|alpha=0.500,complement_split|embedding=0.000|hidden=0.650|other=0.250|scalar=0.250|unembed=0.450,0.00020768736455267778
pure_adamw,273803,scalar|alpha=0.500,complement_split|embedding=0.000|hidden=0.650|other=0.250|scalar=0.250|unembed=0.450,0.0001898428488433801
pure_adamw,284903,scalar|alpha=0.500,complement_split|embedding=0.000|hidden=0.650|other=0.250|scalar=0.250|unembed=0.450,0.00018613626663332994
pure_adamw,296003,scalar|alpha=0.500,complement_split|embedding=0.000|hidden=0.650|other=0.250|scalar=0.250|unembed=0.450,0.00018164247516727627
pure_adamw,307103,scalar|alpha=0.500,complement_split|embedding=0.000|hidden=0.650|other=0.250|scalar=0.250|unembed=0.450,0.00012650940216474282
pure_adamw,318203,scalar|alpha=0.500,complement_split|embedding=0.000|hidden=0.650|other=0.250|scalar=0.250|unembed=0.450,0.0001645139881498725
pure_adamw,240503,scalar|alpha=0.500,depth_half_rest|early=0.650|late=0.550|rest=0.250,2.543684969102955e-05
pure_adamw,251603,scalar|alpha=0.500,depth_half_rest|early=0.650|late=0.550|rest=0.250,4.257231595827804e-05
pure_adamw,262703,scalar|alpha=0.500,depth_half_rest|early=0.650|late=0.550|rest=0.250,6.62121733223664e-05
pure_adamw,273803,scalar|alpha=0.500,depth_half_rest|early=0.650|late=0.550|rest=0.250,4.274067690301919e-05
pure_adamw,284903,scalar|alpha=0.500,depth_half_rest|early=0.650|late=0.550|rest=0.250,5.619870839601582e-05
pure_adamw,296003,scalar|alpha=0.500,depth_half_rest|early=0.650|late=0.550|rest=0.250,6.194889051314156e-05
pure_adamw,307103,scalar|alpha=0.500,depth_half_rest|early=0.650|late=0.550|rest=0.250,2.9344106387885205e-05
pure_adamw,318203,scalar|alpha=0.500,depth_half_rest|early=0.650|late=0.550|rest=0.250,6.294283255714461e-05
pure_adamw,240503,scalar|alpha=0.500,depth_thirds_rest|early=0.650|late=0.650|middle=0.650|rest=0.250,1.6613368347240254e-05
pure_adamw,251603,scalar|alpha=0.500,depth_thirds_rest|early=0.650|late=0.650|middle=0.650|rest=0.250,6.778823429298697e-05
pure_adamw,262703,scalar|alpha=0.500,depth_thirds_rest|early=0.650|late=0.650|middle=0.650|rest=0.250,9.687643950018199e-05
pure_adamw,273803,scalar|alpha=0.500,depth_thirds_rest|early=0.650|late=0.650|middle=0.650|rest=0.250,4.807319567889934e-05
pure_adamw,284903,scalar|alpha=0.500,depth_thirds_rest|early=0.650|late=0.650|middle=0.650|rest=0.250,5.4681048323956816e-05
pure_adamw,296003,scalar|alpha=0.500,depth_thirds_rest|early=0.650|late=0.650|middle=0.650|rest=0.250,6.666655385867415e-05
pure_adamw,307103,scalar|alpha=0.500,depth_thirds_rest|early=0.650|late=0.650|middle=0.650|rest=0.250,1.947811415137224e-05
pure_adamw,318203,scalar|alpha=0.500,depth_thirds_rest|early=0.650|late=0.650|middle=0.650|rest=0.250,4.155644383230239e-05
pure_adamw,240503,scalar|alpha=0.500,functional4|attn_out=0.450|mlp_down=0.650|mlp_up=0.650|qkv=0.650|rest=0.250,1.4825682011831987e-05
pure_adamw,251603,scalar|alpha=0.500,functional4|attn_out=0.450|mlp_down=0.650|mlp_up=0.650|qkv=0.650|rest=0.250,6.292201190816193e-05
pure_adamw,262703,scalar|alpha=0.500,functional4|attn_out=0.450|mlp_down=0.650|mlp_up=0.650|qkv=0.650|rest=0.250,6.85402337348151e-05
pure_adamw,273803,scalar|alpha=0.500,functional4|attn_out=0.450|mlp_down=0.650|mlp_up=0.650|qkv=0.650|rest=0.250,5.79240415272686e-05
pure_adamw,284903,scalar|alpha=0.500,functional4|attn_out=0.450|mlp_down=0.650|mlp_up=0.650|qkv=0.650|rest=0.250,5.363511295697343e-05
pure_adamw,296003,scalar|alpha=0.500,functional4|attn_out=0.450|mlp_down=0.650|mlp_up=0.650|qkv=0.650|rest=0.250,4.5069068317138417e-05
pure_adamw,307103,scalar|alpha=0.500,functional4|attn_out=0.450|mlp_down=0.650|mlp_up=0.650|qkv=0.650|rest=0.250,3.9113864110928986e-05
pure_adamw,318203,scalar|alpha=0.500,functional4|attn_out=0.450|mlp_down=0.650|mlp_up=0.650|qkv=0.650|rest=0.250,5.215125878188509e-05
pure_adamw,240503,scalar|alpha=0.500,hidden_rest|hidden=0.625|rest=0.250,1.9168287736626155e-05
pure_adamw,251603,scalar|alpha=0.500,hidden_rest|hidden=0.625|rest=0.250,6.401331166561164e-05
pure_adamw,262703,scalar|alpha=0.500,hidden_rest|hidden=0.625|rest=0.250,8.765751881378847e-05
pure_adamw,273803,scalar|alpha=0.500,hidden_rest|hidden=0.625|rest=0.250,3.79453909580274e-05
pure_adamw,284903,scalar|alpha=0.500,hidden_rest|hidden=0.625|rest=0.250,6.664171858661305e-05
pure_adamw,296003,scalar|alpha=0.500,hidden_rest|hidden=0.625|rest=0.250,5.885336580258027e-05
pure_adamw,307103,scalar|alpha=0.500,hidden_rest|hidden=0.625|rest=0.250,2.0170264309449237e-05
pure_adamw,318203,scalar|alpha=0.500,hidden_rest|hidden=0.625|rest=0.250,3.6216895073382105e-05
pure_adamw,240503,scalar|alpha=0.500,input_write_rest|input=0.650|rest=0.250|write=0.550,2.698823169478004e-05
pure_adamw,251603,scalar|alpha=0.500,input_write_rest|input=0.650|rest=0.250|write=0.550,6.383521395325609e-05
pure_adamw,262703,scalar|alpha=0.500,input_write_rest|input=0.650|rest=0.250|write=0.550,8.102865986026053e-05
pure_adamw,273803,scalar|alpha=0.500,input_write_rest|input=0.650|rest=0.250|write=0.550,3.537519373497666e-05
pure_adamw,284903,scalar|alpha=0.500,input_write_rest|input=0.650|rest=0.250|write=0.550,5.924064887130598e-05
pure_adamw,296003,scalar|alpha=0.500,input_write_rest|input=0.650|rest=0.250|write=0.550,4.4635829579142694e-05
pure_adamw,307103,scalar|alpha=0.500,input_write_rest|input=0.650|rest=0.250|write=0.550,3.107372971755673e-05
pure_adamw,318203,scalar|alpha=0.500,input_write_rest|input=0.650|rest=0.250|write=0.550,4.469865211409463e-05
pure_adamw,240503,scalar|alpha=0.500,layer_scan|base=0.650|layer=7|rest=0.250|target=0.450,2.870097054552545e-05
pure_adamw,251603,scalar|alpha=0.500,layer_scan|base=0.650|layer=7|rest=0.250|target=0.450,5.940248196178999e-05
pure_adamw,262703,scalar|alpha=0.500,layer_scan|base=0.650|layer=7|rest=0.250|target=0.450,9.147984604274129e-05
pure_adamw,273803,scalar|alpha=0.500,layer_scan|base=0.650|layer=7|rest=0.250|target=0.450,3.811090460970057e-05
pure_adamw,284903,scalar|alpha=0.500,layer_scan|base=0.650|layer=7|rest=0.250|target=0.450,4.331841144344928e-05
pure_adamw,296003,scalar|alpha=0.500,layer_scan|base=0.650|layer=7|rest=0.250|target=0.450,5.0600554246216234e-05
pure_adamw,307103,scalar|alpha=0.500,layer_scan|base=0.650|layer=7|rest=0.250|target=0.450,3.227279238826597e-05
pure_adamw,318203,scalar|alpha=0.500,layer_scan|base=0.650|layer=7|rest=0.250|target=0.450,7.13301826529289e-05
pure_adamw,240503,scalar|alpha=0.500,module_layer_scan|base=0.650|layer=11|module=attn|rest=0.250|target=0.450,1.7653507627279907e-05
pure_adamw,251603,scalar|alpha=0.500,module_layer_scan|base=0.650|layer=11|module=attn|rest=0.250|target=0.450,7.023549463469614e-05
pure_adamw,262703,scalar|alpha=0.500,module_layer_scan|base=0.650|layer=11|module=attn|rest=0.250|target=0.450,9.46354984252551e-05
pure_adamw,273803,scalar|alpha=0.500,module_layer_scan|base=0.650|layer=11|module=attn|rest=0.250|target=0.450,4.822222802269849e-05
pure_adamw,284903,scalar|alpha=0.500,module_layer_scan|base=0.650|layer=11|module=attn|rest=0.250|target=0.450,5.654428994628091e-05
pure_adamw,296003,scalar|alpha=0.500,module_layer_scan|base=0.650|layer=11|module=attn|rest=0.250|target=0.450,6.090117474499834e-05
pure_adamw,307103,scalar|alpha=0.500,module_layer_scan|base=0.650|layer=11|module=attn|rest=0.250|target=0.450,1.0652934014476756e-05
pure_adamw,318203,scalar|alpha=0.500,module_layer_scan|base=0.650|layer=11|module=attn|rest=0.250|target=0.450,3.8572489415633626e-05
pure_adamw,240503,scalar|alpha=0.500,square_rect_rest|rectangular=0.650|rest=0.250|square=0.550,1.5681519890176077e-05
pure_adamw,251603,scalar|alpha=0.500,square_rect_rest|rectangular=0.650|rest=0.250|square=0.550,5.017578711208337e-05
pure_adamw,262703,scalar|alpha=0.500,square_rect_rest|rectangular=0.650|rest=0.250|square=0.550,5.6344378476014256e-05
pure_adamw,273803,scalar|alpha=0.500,square_rect_rest|rectangular=0.650|rest=0.250|square=0.550,3.377999327103254e-05
pure_adamw,284903,scalar|alpha=0.500,square_rect_rest|rectangular=0.650|rest=0.250|square=0.550,3.03529507146294e-05
pure_adamw,296003,scalar|alpha=0.500,square_rect_rest|rectangular=0.650|rest=0.250|square=0.550,5.194842639522079e-05
pure_adamw,307103,scalar|alpha=0.500,square_rect_rest|rectangular=0.650|rest=0.250|square=0.550,1.9454567827592584e-05
pure_adamw,318203,scalar|alpha=0.500,square_rect_rest|rectangular=0.650|rest=0.250|square=0.550,4.4535197390560555e-05
pure_adamw,240503,scalar|alpha=0.500,complement_split|embedding=0.000|hidden=0.650|other=0.250|scalar=0.250|unembed=0.300,0.00010308188803342944
pure_adamw,251603,scalar|alpha=0.500,complement_split|embedding=0.000|hidden=0.650|other=0.250|scalar=0.250|unembed=0.300,0.00015770033924233928
pure_adamw,262703,scalar|alpha=0.500,complement_split|embedding=0.000|hidden=0.650|other=0.250|scalar=0.250|unembed=0.300,0.00017563326531711
pure_adamw,273803,scalar|alpha=0.500,complement_split|embedding=0.000|hidden=0.650|other=0.250|scalar=0.250|unembed=0.300,0.00014571804395879795
pure_adamw,284903,scalar|alpha=0.500,complement_split|embedding=0.000|hidden=0.650|other=0.250|scalar=0.250|unembed=0.300,0.00014907479785719602
pure_adamw,296003,scalar|alpha=0.500,complement_split|embedding=0.000|hidden=0.650|other=0.250|scalar=0.250|unembed=0.300,0.00015354680851542568
pure_adamw,307103,scalar|alpha=0.500,complement_split|embedding=0.000|hidden=0.650|other=0.250|scalar=0.250|unembed=0.300,9.330299103127437e-05
pure_adamw,318203,scalar|alpha=0.500,complement_split|embedding=0.000|hidden=0.650|other=0.250|scalar=0.250|unembed=0.300,0.00013958532383351319
pure_adamw,240503,scalar|alpha=0.500,complement_split|embedding=0.150|hidden=0.650|other=0.250|scalar=0.250|unembed=0.450,0.0001207082746965682
pure_adamw,251603,scalar|alpha=0.500,complement_split|embedding=0.150|hidden=0.650|other=0.250|scalar=0.250|unembed=0.450,0.00015792244600953964
pure_adamw,262703,scalar|alpha=0.500,complement_split|embedding=0.150|hidden=0.650|other=0.250|scalar=0.250|unembed=0.450,0.0001615404249426522
pure_adamw,273803,scalar|alpha=0.500,complement_split|embedding=0.150|hidden=0.650|other=0.250|scalar=0.250|unembed=0.450,0.0001636093624672874
pure_adamw,284903,scalar|alpha=0.500,complement_split|embedding=0.150|hidden=0.650|other=0.250|scalar=0.250|unembed=0.450,0.00014194326518879308
pure_adamw,296003,scalar|alpha=0.500,complement_split|embedding=0.150|hidden=0.650|other=0.250|scalar=0.250|unembed=0.450,0.00014716616511512015
pure_adamw,307103,scalar|alpha=0.500,complement_split|embedding=0.150|hidden=0.650|other=0.250|scalar=0.250|unembed=0.450,0.00011600820585022653
pure_adamw,318203,scalar|alpha=0.500,complement_split|embedding=0.150|hidden=0.650|other=0.250|scalar=0.250|unembed=0.450,0.00010677395343194895
pure_adamw,240503,scalar|alpha=0.500,complement_split|embedding=0.000|hidden=0.650|other=0.250|scalar=0.250|unembed=0.150,1.8123261783520306e-05
pure_adamw,251603,scalar|alpha=0.500,complement_split|embedding=0.000|hidden=0.650|other=0.250|scalar=0.250|unembed=0.150,8.089174476388905e-05
pure_adamw,262703,scalar|alpha=0.500,complement_split|embedding=0.000|hidden=0.650|other=0.250|scalar=0.250|unembed=0.150,0.00010492163607400684
pure_adamw,273803,scalar|alpha=0.500,complement_split|embedding=0.000|hidden=0.650|other=0.250|scalar=0.250|unembed=0.150,6.60898939419674e-05
pure_adamw,284903,scalar|alpha=0.500,complement_split|embedding=0.000|hidden=0.650|other=0.250|scalar=0.250|unembed=0.150,7.982362191172321e-05
pure_adamw,296003,scalar|alpha=0.500,complement_split|embedding=0.000|hidden=0.650|other=0.250|scalar=0.250|unembed=0.150,7.469681162275421e-05
pure_adamw,307103,scalar|alpha=0.500,complement_split|embedding=0.000|hidden=0.650|other=0.250|scalar=0.250|unembed=0.150,3.4929504207692474e-05
pure_adamw,318203,scalar|alpha=0.500,complement_split|embedding=0.000|hidden=0.650|other=0.250|scalar=0.250|unembed=0.150,7.318845051185185e-05
