candidate_id,family,mean_gain_vs_raw,se_gain_vs_raw,lo95_gain_vs_raw,hi95_gain_vs_raw,mean_gain_vs_scalar,se_gain_vs_scalar,lo95_gain_vs_scalar,hi95_gain_vs_scalar
complement_split|embedding=0.000|hidden=0.650|other=0.250|scalar=0.250|unembed=0.450,complement_split,0.002275277607870888,8.635166488476477e-05,0.0020710559204184195,0.002479499295323357,0.00020504384482212482,2.0365053231824963e-05,0.00015688049392885878,0.00025320719571539086
complement_split|embedding=0.000|hidden=0.650|other=0.250|scalar=0.250|unembed=0.300,complement_split,0.0022525891728277,8.2511581084873e-05,0.002057449283561975,0.0024477290620934246,0.0001823554097789364,1.691290838524184e-05,0.00014235638144783946,0.00022235443811003335
complement_split|embedding=0.150|hidden=0.650|other=0.250|scalar=0.250|unembed=0.450,complement_split,0.002223798082405361,8.432164242211868e-05,0.0020243773980770504,0.0024232187667336718,0.00015356431935659772,2.2241281591745858e-05,0.00010096368839211876,0.0002061649503210767
complement_split|embedding=0.000|hidden=0.650|other=0.250|scalar=0.250|unembed=0.150,complement_split,0.0021981366679718396,8.152287032835678e-05,0.0020053350796452756,0.0023909382562984035,0.0001279029049230762,1.5892626868869662e-05,9.031684237819944e-05,0.00016548896746795296
square_rect_rest|rectangular=0.650|rest=0.250|square=0.550,square_rect_rest,0.0021965800785425918,7.987755209102742e-05,0.002007669667847312,0.0023854904892378717,0.00012634631549382838,2.026852161489641e-05,7.841126187459836e-05,0.0001742813691130584
complement_split|embedding=0.150|hidden=0.650|other=0.250|scalar=0.250|unembed=0.300,complement_split,0.0021962020223372015,8.196212720069553e-05,0.0020023615915075567,0.0023900424531668463,0.00012596825928843812,1.9677375042184766e-05,7.943126731367115e-05,0.00017250525126320508
attn_mlp_rest|attn=0.550|mlp=0.650|rest=0.250,attn_mlp_rest,0.0021960273676595175,8.104252270442955e-05,0.002004361801463542,0.0023876929338554932,0.00012579360461075417,1.8986046066691986e-05,8.089160566302762e-05,0.0001706956035584807
functional4|attn_out=0.450|mlp_down=0.650|mlp_up=0.650|qkv=0.650|rest=0.250,functional4,0.0021924189589663102,7.931289598252936e-05,0.0020048439599676285,0.002379993957964992,0.00012218519591754686,1.5048320415317607e-05,8.659591813532072e-05,0.000157774473699773
functional4|attn_out=0.550|mlp_down=0.650|mlp_up=0.650|qkv=0.650|rest=0.250,functional4,0.002191052448175776,7.923481121280022e-05,0.0020036621196575038,0.0023784427766940486,0.00012081868512701282,1.6749525431887298e-05,8.120605748059935e-05,0.0001604313127734263
attn_mlp_rest|attn=0.450|mlp=0.650|rest=0.250,attn_mlp_rest,0.002187451330418263,7.49832798474598e-05,0.0020101158735790206,0.0023647867872575055,0.00011721756736949966,1.583904345747768e-05,7.975822959256495e-05,0.0001546769051464344
square_rect_rest|rectangular=0.650|rest=0.250|square=0.450,square_rect_rest,0.0021864044994683745,8.220910182500059e-05,0.0019919799736522483,0.0023808290252845007,0.00011617073641961113,2.1853047239910486e-05,6.448827969722283e-05,0.00016785319314199944
functional4|attn_out=0.650|mlp_down=0.650|mlp_up=0.650|qkv=0.450|rest=0.250,functional4,0.0021855934359964507,7.933180313603511e-05,0.0019979737215797275,0.002373213150413174,0.00011535967294768737,1.570679468247559e-05,7.821310352363258e-05,0.00015250624237174215
input_write_rest|input=0.650|rest=0.250|write=0.550,input_write_rest,0.0021843416731190403,8.430224667328844e-05,0.001984966859736713,0.0023837164865013675,0.00011410791007027696,2.148448571402406e-05,6.329710135661005e-05,0.0001649187187839439
square_rect_rest|rectangular=0.750|rest=0.250|square=0.450,square_rect_rest,0.0021787568464394415,8.492640193106203e-05,0.0019779059058724797,0.0023796077870064034,0.00010852308339067817,2.2754366723848275e-05,5.470900608877699e-05,0.00016233716069257933
functional4|attn_out=0.650|mlp_down=0.650|mlp_up=0.650|qkv=0.550|rest=0.250,functional4,0.002178418559876732,8.1786389895476e-05,0.0019849937477739313,0.0023718433719795325,0.00010818479682796851,1.7918890589860963e-05,6.580662058294732e-05,0.0001505629730729897
complement_split|embedding=0.300|hidden=0.650|other=0.250|scalar=0.250|unembed=0.450,complement_split,0.0021782973434714557,8.736687980735501e-05,0.001971674672727061,0.0023849200142158503,0.00010806358042269237,2.3212106743530573e-05,5.316694797424256e-05,0.00016296021287114218
module_layer_scan|base=0.650|layer=11|module=attn|rest=0.250|target=0.450,module_layer_scan,0.002177294302118507,8.422740443571536e-05,0.0019780964906280403,0.002376492113608974,0.00010706053906974367,2.1037970704124925e-05,5.730573835448822e-05,0.0001568153397849991
attn_mlp_rest|attn=0.550|mlp=0.750|rest=0.250,attn_mlp_rest,0.0021767105860194544,8.822693761739404e-05,0.0019680538785543174,0.0023853672934845914,0.00010647682297069104,2.630246743653046e-05,4.42714874832965e-05,0.0001686821584580856
functional4|attn_out=0.550|mlp_down=0.750|mlp_up=0.750|qkv=0.550|rest=0.250,functional4,0.0021767105860194544,8.822693761739404e-05,0.0019680538785543174,0.0023853672934845914,0.00010647682297069104,2.630246743653046e-05,4.42714874832965e-05,0.0001686821584580856
module_layer_scan|base=0.650|layer=9|module=attn|rest=0.250|target=0.450,module_layer_scan,0.002175604737778899,8.382461826751003e-05,0.0019773595155762377,0.0023738499599815603,0.00010537097473013561,1.9608712412899272e-05,5.899636987362883e-05,0.00015174557958664238
module_layer_scan|base=0.650|layer=10|module=attn|rest=0.250|target=0.450,module_layer_scan,0.002175064455033922,8.379639508386937e-05,0.001976885980660571,0.002373242929407273,0.00010483069198515861,1.9840319708678795e-05,5.7908335874133256e-05,0.00015175304809618396
input_write_rest|input=0.650|rest=0.250|write=0.450,input_write_rest,0.002174531396108759,7.54986842891019e-05,0.001995977007765033,0.002353085784452485,0.00010429763305999564,1.50036628032953e-05,6.881397053020225e-05,0.00013978129558978904
layer_scan|base=0.650|layer=7|rest=0.250|target=0.450,layer_scan,0.002174378185231788,8.605277124671605e-05,0.0019708633812333047,0.0023778929892302714,0.00010414442218302468,2.122775788590276e-05,5.3940774782864644e-05,0.0001543480695831847
attn_mlp_rest|attn=0.450|mlp=0.750|rest=0.250,attn_mlp_rest,0.002173401114398751,8.286413907445132e-05,0.0019774274254876737,0.0023693748033098284,0.00010316735134998766,2.1446112036620864e-05,5.2447296383379313e-05,0.000153887406316596
adaptive_binary|high=0.650|low=0.550|rest=0.250,adaptive_binary,0.0021733432257496563,7.627317511900048e-05,0.00199295716659322,0.0023537292849060924,0.00010310946270089289,1.51642399688345e-05,6.724603517459929e-05,0.0001389728902271865
module_layer_scan|base=0.650|layer=8|module=mlp|rest=0.250|target=0.450,module_layer_scan,0.002172975713254406,8.495960687517838e-05,0.001972046242994609,0.0023739051835142025,0.00010274195020564241,2.136373351177684e-05,5.221672045029018e-05,0.00015326717996099463
layer_scan|base=0.650|layer=9|rest=0.250|target=0.450,layer_scan,0.0021726414484420503,8.471535103589121e-05,0.0019722896432421678,0.002372993253641933,0.00010240768539328694,1.985630282458535e-05,5.544752921314257e-05,0.0001493678415734313
hidden_rest|hidden=0.625|rest=0.250,hidden_rest,0.0021708575960667853,8.059541155609043e-05,0.0019802494477366315,0.002361465744396939,0.00010062383301802195,1.7952843104571275e-05,5.8165359075710886e-05,0.00014308230696033302
input_write_rest|input=0.750|rest=0.250|write=0.450,input_write_rest,0.002170030826281617,8.13070057291717e-05,0.001977739757732126,0.0023623218948311078,9.979706323285341e-05,2.0073879962560534e-05,5.2322337121397745e-05,0.00014727178934430908
adaptive_affine|intercept=0.450|rest=0.250|slope=0.250,adaptive_affine,0.0021698533502901977,7.935413298731364e-05,0.001982180825775201,0.0023575258748051945,9.961958724143431e-05,1.745048460923145e-05,5.834919114060192e-05,0.0001408899833422667
module_layer_scan|base=0.650|layer=6|module=mlp|rest=0.250|target=0.450,module_layer_scan,0.002169190454139481,8.539902559119953e-05,0.001967221758616294,0.002371159149662668,9.895669109071751e-05,2.225656429768601e-05,4.631991652669009e-05,0.00015159346565474493
adaptive_affine|intercept=0.250|rest=0.250|slope=0.500,adaptive_affine,0.0021688963709975205,7.992741234894012e-05,0.001979868040792277,0.0023579247012027638,9.86626079487571e-05,1.656065208892691e-05,5.9496665758444956e-05,0.00013782855013906925
module_layer_scan|base=0.650|layer=5|module=mlp|rest=0.250|target=0.450,module_layer_scan,0.002168069092257579,8.5075812148908e-05,0.0019668647965254116,0.0023692733879897465,9.78353292088157e-05,2.0647040848138125e-05,4.900507760296903e-05,0.00014666558081466238
layer_scan|base=0.650|layer=10|rest=0.250|target=0.450,layer_scan,0.002166960839202476,8.447185819792249e-05,0.0019671848945643894,0.0023667367838405627,9.672707615371269e-05,2.070581777104697e-05,4.7757817125186596e-05,0.00014569633518223877
depth_half_rest|early=0.650|late=0.550|rest=0.250,depth_half_rest,0.0021667110777253843,8.136195875393778e-05,0.0019742900452723216,0.002359132110178447,9.647731467662089e-05,1.9305370346300304e-05,5.082011380762067e-05,0.00014213451554562112
adaptive_binary|high=0.650|low=0.450|rest=0.250,adaptive_binary,0.002166563814008565,7.11455189753712e-05,0.001998304661631812,0.0023348229663853175,9.633005095980142e-05,1.440695907176406e-05,6.225759275507942e-05,0.00013040250916452343
layer_scan|base=0.650|layer=5|rest=0.250|target=0.450,layer_scan,0.0021664871250600334,8.414467027022353e-05,0.0019674849798709546,0.0023654892702491123,9.625336201127006e-05,1.916240240884013e-05,5.093428031436314e-05,0.00014157244370817696
module_layer_scan|base=0.650|layer=7|module=attn|rest=0.250|target=0.450,module_layer_scan,0.002165491268540511,8.583636680918898e-05,0.001962488261036779,0.0023684942760442427,9.525750549174749e-05,2.0524162229818414e-05,4.671786181822693e-05,0.00014379714916526803
functional4|attn_out=0.650|mlp_down=0.450|mlp_up=0.650|qkv=0.650|rest=0.250,functional4,0.0021652555571961716,8.201277794867575e-05,0.0019712953373475536,0.0023592157770447896,9.502179414740825e-05,1.8185195492901546e-05,5.201380680669608e-05,0.0001380297814881204
module_layer_scan|base=0.650|layer=8|module=attn|rest=0.250|target=0.450,module_layer_scan,0.0021652288507672387,8.699913564158889e-05,0.001959475894974881,0.0023709818065595963,9.499508771847534e-05,2.332055401056754e-05,3.98419774834831e-05,0.0001501481979534676
square_rect_rest|rectangular=0.750|rest=0.250|square=0.550,square_rect_rest,0.002165146125133774,8.995592649157488e-05,0.0019524003589811996,0.0023778918912863486,9.49123620850108e-05,2.695065411592783e-05,3.1174065100841476e-05,0.00015865065906918013
module_layer_scan|base=0.650|layer=9|module=mlp|rest=0.250|target=0.450,module_layer_scan,0.002165053994875677,8.507234283304865e-05,0.001963857904075517,0.0023662500856758374,9.48202318269138e-05,2.1899531635120243e-05,4.302783950985442e-05,0.00014661262414397317
module_layer_scan|base=0.650|layer=10|module=mlp|rest=0.250|target=0.450,module_layer_scan,0.002165040365918399,8.397695634507076e-05,0.0019664348641623064,0.0023636458676744914,9.480660286963552e-05,1.9982596736845565e-05,4.7547761586995756e-05,0.0001420654441522753
module_layer_scan|base=0.650|layer=5|module=attn|rest=0.250|target=0.450,module_layer_scan,0.0021649692352438536,8.582515620109593e-05,0.0019619927408282617,0.0023679457296594455,9.473547219509019e-05,1.989589536359972e-05,4.7681679660176846e-05,0.00014178926473000354
module_layer_scan|base=0.650|layer=1|module=mlp|rest=0.250|target=0.850,module_layer_scan,0.0021644336099040044,8.470750734486034e-05,0.0019641003550334097,0.002364766864774599,9.419984685524099e-05,1.9462182835714546e-05,4.817178444877608e-05,0.0001402279092617059
adaptive_binary|high=0.650|low=0.650|rest=0.250,adaptive_binary,0.0021643889486209224,8.432688794585459e-05,0.0019649558586289765,0.0023638220386128683,9.415518557215905e-05,2.1465988694150058e-05,4.3388122310494156e-05,0.00014492224883382395
attn_mlp_rest|attn=0.650|mlp=0.650|rest=0.250,attn_mlp_rest,0.0021643889486209224,8.432688794585459e-05,0.0019649558586289765,0.0023638220386128683,9.415518557215905e-05,2.1465988694150058e-05,4.3388122310494156e-05,0.00014492224883382395
depth_half_rest|early=0.650|late=0.650|rest=0.250,depth_half_rest,0.0021643889486209224,8.432688794585459e-05,0.0019649558586289765,0.0023638220386128683,9.415518557215905e-05,2.1465988694150058e-05,4.3388122310494156e-05,0.00014492224883382395
depth_thirds_rest|early=0.650|late=0.650|middle=0.650|rest=0.250,depth_thirds_rest,0.0021643889486209224,8.432688794585459e-05,0.0019649558586289765,0.0023638220386128683,9.415518557215905e-05,2.1465988694150058e-05,4.3388122310494156e-05,0.00014492224883382395
functional4|attn_out=0.650|mlp_down=0.650|mlp_up=0.650|qkv=0.650|rest=0.250,functional4,0.0021643889486209224,8.432688794585459e-05,0.0019649558586289765,0.0023638220386128683,9.415518557215905e-05,2.1465988694150058e-05,4.3388122310494156e-05,0.00014492224883382395
input_write_rest|input=0.650|rest=0.250|write=0.650,input_write_rest,0.0021643889486209224,8.432688794585459e-05,0.0019649558586289765,0.0023638220386128683,9.415518557215905e-05,2.1465988694150058e-05,4.3388122310494156e-05,0.00014492224883382395
square_rect_rest|rectangular=0.650|rest=0.250|square=0.650,square_rect_rest,0.0021643889486209224,8.432688794585459e-05,0.0019649558586289765,0.0023638220386128683,9.415518557215905e-05,2.1465988694150058e-05,4.3388122310494156e-05,0.00014492224883382395
module_layer_scan|base=0.650|layer=6|module=attn|rest=0.250|target=0.450,module_layer_scan,0.002164361525705721,8.674918310674516e-05,0.001959199707658269,0.0023695233437531736,9.412776265695783e-05,2.120454534765929e-05,4.39790129097436e-05,0.00014427651240417206
layer_scan|base=0.650|layer=8|rest=0.250|target=0.450,layer_scan,0.002163974990428572,8.408624532955914e-05,0.0019651110202241646,0.0023628389606329793,9.374122737980861e-05,2.1045893870228818e-05,4.396768837671745e-05,0.00014351476638289976
module_layer_scan|base=0.650|layer=7|module=mlp|rest=0.250|target=0.450,module_layer_scan,0.0021636782473620168,8.299811187176388e-05,0.0019673877127852953,0.002359968781938738,9.344448431325338e-05,2.190060544705472e-05,4.164955243096896e-05,0.0001452394161955378
module_layer_scan|base=0.650|layer=11|module=mlp|rest=0.250|target=0.850,module_layer_scan,0.0021635535813191676,8.844119282286369e-05,0.001954390160293095,0.00237271700234524,9.331981827040425e-05,2.336404609341975e-05,3.806384925946654e-05,0.00014857578728134197
module_layer_scan|base=0.650|layer=10|module=mlp|rest=0.250|target=0.850,module_layer_scan,0.0021635256153518714,8.738612916606555e-05,0.001956857419874126,0.0023701938108296166,9.329185230310798e-05,2.283588139409976e-05,3.928499280606205e-05,0.00014729871180015392
module_layer_scan|base=0.650|layer=2|module=mlp|rest=0.250|target=0.850,module_layer_scan,0.0021630271582769723,8.682767652046027e-05,0.001957679703306084,0.002368374613247861,9.279339522820897e-05,2.152827030654922e-05,4.187903595322006e-05,0.00014370775450319787
module_layer_scan|base=0.650|layer=1|module=attn|rest=0.250|target=0.450,module_layer_scan,0.0021624402631531766,8.144567914349638e-05,0.0019698212319788078,0.0023550592943275455,9.220650010441324e-05,1.8962587769815257e-05,4.735998002880015e-05,0.00013705302018002631
module_layer_scan|base=0.650|layer=10|module=attn|rest=0.250|target=0.850,module_layer_scan,0.002161940303150894,8.499143496276076e-05,0.0019609355594639648,0.002362945046837823,9.170654010213055e-05,2.1841014793175914e-05,4.005254011626951e-05,0.0001433605400879916
module_layer_scan|base=0.650|layer=2|module=mlp|rest=0.250|target=0.450,module_layer_scan,0.0021617244042623895,8.338688021753245e-05,0.001964514432547925,0.002358934375976854,9.14906412136261e-05,1.922224047339902e-05,4.603004249403741e-05,0.00013695123993321477
module_layer_scan|base=0.650|layer=3|module=attn|rest=0.250|target=0.450,module_layer_scan,0.002161652848286952,8.458060871348085e-05,0.00196161970867957,0.002361685987894334,9.14190852381886e-05,2.0743578604719036e-05,4.236052183802808e-05,0.00014047764863834913
complement_split|embedding=0.300|hidden=0.650|other=0.250|scalar=0.250|unembed=0.300,complement_split,0.0021616407411987706,8.405146939562976e-05,0.0019628590160781063,0.002360422466319435,9.140697815000721e-05,2.0303552345787864e-05,4.338907685221891e-05,0.0001394248794477955
layer_scan|base=0.650|layer=6|rest=0.250|target=0.450,layer_scan,0.002161499911647901,8.609562691351091e-05,0.001957883753997448,0.0023651160692983544,9.126614859913777e-05,2.2609110792920956e-05,3.7795601573879706e-05,0.00014473669562439583
module_layer_scan|base=0.650|layer=7|module=mlp|rest=0.250|target=0.850,module_layer_scan,0.002161349280066658,8.534220348695496e-05,0.0019595149688200098,0.0023631835913133065,9.111551701789476e-05,2.0851429031125558e-05,4.1801887359282816e-05,0.0001404291466765067
attn_mlp_rest|attn=0.550|mlp=0.550|rest=0.250,attn_mlp_rest,0.002160953244869045,7.20774561289442e-05,0.001990490061124092,0.002331416428613998,9.071948182028155e-05,1.2237180304215192e-05,6.177855040081262e-05,0.00011966041323975047
depth_half_rest|early=0.550|late=0.550|rest=0.250,depth_half_rest,0.002160953244869045,7.20774561289442e-05,0.001990490061124092,0.002331416428613998,9.071948182028155e-05,1.2237180304215192e-05,6.177855040081262e-05,0.00011966041323975047
depth_thirds_rest|early=0.550|late=0.550|middle=0.550|rest=0.250,depth_thirds_rest,0.002160953244869045,7.20774561289442e-05,0.001990490061124092,0.002331416428613998,9.071948182028155e-05,1.2237180304215192e-05,6.177855040081262e-05,0.00011966041323975047
hidden_rest|hidden=0.550|rest=0.250,hidden_rest,0.002160953244869045,7.20774561289442e-05,0.001990490061124092,0.002331416428613998,9.071948182028155e-05,1.2237180304215192e-05,6.177855040081262e-05,0.00011966041323975047
input_write_rest|input=0.550|rest=0.250|write=0.550,input_write_rest,0.002160953244869045,7.20774561289442e-05,0.001990490061124092,0.002331416428613998,9.071948182028155e-05,1.2237180304215192e-05,6.177855040081262e-05,0.00011966041323975047
square_rect_rest|rectangular=0.550|rest=0.250|square=0.550,square_rect_rest,0.002160953244869045,7.20774561289442e-05,0.001990490061124092,0.002331416428613998,9.071948182028155e-05,1.2237180304215192e-05,6.177855040081262e-05,0.00011966041323975047
functional4|attn_out=0.650|mlp_down=0.550|mlp_up=0.650|qkv=0.650|rest=0.250,functional4,0.002160672375569665,8.239629895167937e-05,0.0019658051285489433,0.0023555396225903866,9.04386125209016e-05,1.756682161744093e-05,4.8893079395653796e-05,0.0001319841456461494
module_layer_scan|base=0.650|layer=8|module=mlp|rest=0.250|target=0.850,module_layer_scan,0.0021602485816893027,8.618709030120456e-05,0.001956416113126954,0.0023640810502516514,9.001481864053928e-05,2.3173646006509283e-05,3.520914583514482e-05,0.00014482049144593374
module_layer_scan|base=0.650|layer=0|module=attn|rest=0.250|target=0.450,module_layer_scan,0.0021597347319849587,8.052647365438315e-05,0.0019692896217923424,0.002350179842177575,8.950096893619534e-05,1.6923890312408328e-05,4.9475968347349636e-05,0.00012952596952504105
module_layer_scan|base=0.650|layer=4|module=attn|rest=0.250|target=0.450,module_layer_scan,0.0021594901609661623,8.326630847624997e-05,0.001962565341419831,0.0023564149805124935,8.925639791739891e-05,1.9649318110466494e-05,4.278576058614565e-05,0.00013572703524865218
module_layer_scan|base=0.650|layer=4|module=mlp|rest=0.250|target=0.850,module_layer_scan,0.00215916595613306,8.953683031570603e-05,0.0019474113524364154,0.002370920559829705,8.893219308429672e-05,2.414001052821321e-05,3.184106818507247e-05,0.00014602331798352095
layer_scan|base=0.650|layer=0|rest=0.250|target=0.450,layer_scan,0.0021590924405858066,7.95814296857268e-05,0.0019708823593790627,0.0023473025217925505,8.885867753704322e-05,1.6043725522675224e-05,5.0915266675916304e-05,0.00012680208839817013
layer_scan|base=0.650|layer=3|rest=0.250|target=0.450,layer_scan,0.0021588666981069153,8.242359031352866e-05,0.00196393490701542,0.0023537984891984108,8.863293505815195e-05,1.9483111850484996e-05,4.2555375531754925e-05,0.00013471049458454898
module_layer_scan|base=0.650|layer=11|module=attn|rest=0.250|target=0.850,module_layer_scan,0.0021584348582194984,8.634437477935227e-05,0.00195423041186633,0.0023626393045726667,8.8201095170735e-05,2.2030552191086182e-05,3.6098839238816176e-05,0.00014030335110265383
hidden_rest|hidden=0.625|rest=0.375,hidden_rest,0.0021573673560708806,8.436419570587821e-05,0.0019578460332264785,0.0023568886789152826,8.713359302211718e-05,2.1124668440342102e-05,3.7173752160708105e-05,0.00013709343388352625
layer_scan|base=0.650|layer=1|rest=0.250|target=0.850,layer_scan,0.0021571314078289673,8.911880293750381e-05,0.0019463654388817708,0.002367897376776164,8.68976447802039e-05,2.528560404919585e-05,2.70971912038557e-05,0.00014669809835655208
module_layer_scan|base=0.650|layer=4|module=mlp|rest=0.250|target=0.450,module_layer_scan,0.0021561855219989073,8.362864242647446e-05,0.001958403782660295,0.0023539672613375195,8.595175895014396e-05,1.881011923283841e-05,4.1465826964481116e-05,0.0001304376909358068
module_layer_scan|base=0.650|layer=3|module=mlp|rest=0.250|target=0.450,module_layer_scan,0.002156165451061463,8.176622408324548e-05,0.001962788331104588,0.0023495425710183386,8.593168801269979e-05,1.9254288111660965e-05,4.0395296628621604e-05,0.00013146807939677798
layer_scan|base=0.650|layer=1|rest=0.250|target=0.450,layer_scan,0.0021555253609719756,8.134182939540907e-05,0.001963151934451833,0.002347898787492118,8.529159792321217e-05,1.8950663806315372e-05,4.047327802127631e-05,0.00013010991782514802
module_layer_scan|base=0.650|layer=2|module=attn|rest=0.250|target=0.450,module_layer_scan,0.00215480654373837,8.352860766236998e-05,0.001957261386616865,0.002352351700859875,8.457278068960648e-05,2.180362624118154e-05,3.300720462921214e-05,0.00013613835675000083
module_layer_scan|base=0.650|layer=3|module=mlp|rest=0.250|target=0.850,module_layer_scan,0.0021546926328545805,8.3912455850497e-05,0.0019562396747681552,0.002353145590941006,8.445886980581714e-05,2.1242659584228077e-05,3.4219979889117735e-05,0.00013469775972251656
layer_scan|base=0.650|layer=4|rest=0.250|target=0.450,layer_scan,0.0021542204301553676,8.572221464191862e-05,0.00195148739252723,0.0023569534677835052,8.39866671066042e-05,2.1561568502718807e-05,3.299355759767422e-05,0.0001349797766155342
module_layer_scan|base=0.650|layer=1|module=attn|rest=0.250|target=0.850,module_layer_scan,0.002154174140081345,8.683156321981246e-05,0.0019488174930664885,0.0023595307870962015,8.39403770325816e-05,2.1680375355553293e-05,3.2666289316698056e-05,0.00013521446474846515
module_layer_scan|base=0.650|layer=9|module=mlp|rest=0.250|target=0.850,module_layer_scan,0.002154099178268552,8.529916003177723e-05,0.0019523666647933988,0.002355831691743705,8.386541521978848e-05,2.0740770786686587e-05,3.48134923092747e-05,0.00013291733813030227
module_layer_scan|base=0.650|layer=2|module=attn|rest=0.250|target=0.850,module_layer_scan,0.0021528910453909264,8.762501522447682e-05,0.0019456578843850387,0.002360124206396814,8.265728234216297e-05,2.2246014468555508e-05,3.0045458124029192e-05,0.00013526910656029676
functional4|attn_out=0.550|mlp_down=0.550|mlp_up=0.750|qkv=0.750|rest=0.250,functional4,0.0021526826825004667,8.795686239491154e-05,0.001944664702936501,0.0023607006620644327,8.24489194517033e-05,2.4782006416822136e-05,2.383947427591894e-05,0.00014105836462748766
input_write_rest|input=0.750|rest=0.250|write=0.550,input_write_rest,0.0021526826825004667,8.795686239491154e-05,0.001944664702936501,0.0023607006620644327,8.24489194517033e-05,2.4782006416822136e-05,2.383947427591894e-05,0.00014105836462748766
layer_scan|base=0.650|layer=2|rest=0.250|target=0.450,layer_scan,0.0021525830497746176,8.492846187045591e-05,0.0019517272374509893,0.002353438862098246,8.234928672585422e-05,2.0128959611740057e-05,3.474429724408898e-05,0.00012995427620761946
layer_scan|base=0.650|layer=0|rest=0.250|target=0.850,layer_scan,0.0021525226896405725,8.431699599346953e-05,0.001953112994116017,0.002351932385165128,8.228892659180916e-05,1.8735843514283025e-05,3.7978656680529806e-05,0.0001265991965030885
module_layer_scan|base=0.650|layer=0|module=mlp|rest=0.250|target=0.850,module_layer_scan,0.00215234590859954,8.688323643422165e-05,0.001946867054432606,0.0023578247627664742,8.21121455507768e-05,2.2381349526365663e-05,2.9180253920921997e-05,0.00013504403718063158
input_write_rest|input=0.550|rest=0.250|write=0.650,input_write_rest,0.002152203657164504,7.671940955983754e-05,0.0019707622535554883,0.0023336450607735195,8.196989411574053e-05,1.2567536537641315e-05,5.224767020421881e-05,0.00011169211802726224
depth_half_rest|early=0.550|late=0.650|rest=0.250,depth_half_rest,0.0021521941925047162,7.478113872405988e-05,0.0019753367994223146,0.002329051585587118,8.196042945595285e-05,1.2035724089817622e-05,5.349594198353417e-05,0.00011042491692837153
layer_scan|base=0.650|layer=11|rest=0.250|target=0.850,layer_scan,0.0021521081289967523,9.033976188038554e-05,0.0019384545921496406,0.002365761665843864,8.187436594798893e-05,2.6028722714822272e-05,2.031643672743426e-05,0.0001434322951685436
module_layer_scan|base=0.650|layer=0|module=mlp|rest=0.250|target=0.450,module_layer_scan,0.002151187560813532,8.369531165012044e-05,0.0019532481487609973,0.0023491269728660668,8.095379776476867e-05,2.0369615884429062e-05,3.2779656198093935e-05,0.0001291279393314434
layer_scan|base=0.650|layer=2|rest=0.250|target=0.850,layer_scan,0.002150317967593912,8.779788486906137e-05,0.0019426759698785816,0.002357959965309242,8.008420454514841e-05,2.2310564385215864e-05,2.731971977411289e-05,0.00013284868931618394
module_layer_scan|base=0.650|layer=6|module=mlp|rest=0.250|target=0.850,module_layer_scan,0.002150012020752038,8.882051246700496e-05,0.0019399515087675711,0.0023600725327365046,7.977825770327449e-05,2.4079070274485278e-05,2.28312565041168e-05,0.00013672525890243218
functional4|attn_out=0.650|mlp_down=0.650|mlp_up=0.750|qkv=0.650|rest=0.250,functional4,0.0021489597909885357,8.90790458861211e-05,0.0019382878474678593,0.002359631734509212,7.872602793977234e-05,2.478744251110787e-05,2.0103726401002222e-05,0.00013734832947854246
layer_scan|base=0.650|layer=10|rest=0.250|target=0.850,layer_scan,0.0021479970064478228,8.716963539313981e-05,0.0019418408187430471,0.0023541531941525984,7.776324339905938e-05,2.307638121926698e-05,2.3187601815492968e-05,0.00013233888498262578
module_layer_scan|base=0.650|layer=11|module=mlp|rest=0.250|target=0.450,module_layer_scan,0.00214787038577938,8.093033924903845e-05,0.001956470133455404,0.002339270638103356,7.763662273061649e-05,1.7590424487360368e-05,3.603526881800922e-05,0.00011923797664322377
module_layer_scan|base=0.650|layer=8|module=attn|rest=0.250|target=0.850,module_layer_scan,0.0021477613815114056,8.813162332317511e-05,0.0019393300923520964,0.0023561926706707147,7.752761846264219e-05,2.4578822620351192e-05,1.9398702965511613e-05,0.00013565653395977278
square_rect_rest|rectangular=0.550|rest=0.250|square=0.650,square_rect_rest,0.0021469729755430145,7.656174693197101e-05,0.0019659044440489028,0.002328041507037126,7.673921249425108e-05,1.1823279837825923e-05,4.8777155677792764e-05,0.00010470126931070938
complement_split|embedding=0.150|hidden=0.650|other=0.250|scalar=0.250|unembed=0.150,complement_split,0.0021460551518892425,8.05606132491004e-05,0.00195552930155512,0.002336581002223365,7.582138884047913e-05,1.9335236343404232e-05,3.009355488832812e-05,0.00012154922279263014
hidden_rest|hidden=0.550|rest=0.375,hidden_rest,0.002145487189584353,7.365389485898636e-05,0.00197129572824285,0.002319678650925856,7.525342653558979e-05,6.454247045297543e-06,5.9989132273461096e-05,9.051772079771847e-05
layer_scan|base=0.650|layer=3|rest=0.250|target=0.850,layer_scan,0.002145254936941681,9.172808333767232e-05,0.001928318019848086,0.002362191854035276,7.502117389291763e-05,2.6189323153189615e-05,1.3083424635624186e-05,0.00013695892315021107
module_layer_scan|base=0.650|layer=0|module=attn|rest=0.250|target=0.850,module_layer_scan,0.0021449056694927394,8.817644509957832e-05,0.0019363683768322366,0.002353442962153242,7.467190644397598e-05,2.323145998241464e-05,1.972950358556535e-05,0.0001296143093023866
layer_scan|base=0.650|layer=8|rest=0.250|target=0.850,layer_scan,0.0021448571363520724,8.7319541969417e-05,0.0019383464195944012,0.0023513678531097435,7.462337330330906e-05,2.3438621603498314e-05,1.9191033211035545e-05,0.00013005571339558259
layer_scan|base=0.650|layer=11|rest=0.250|target=0.450,layer_scan,0.0021448253690152168,7.951451391481161e-05,0.001956773543606687,0.0023328771944237463,7.459160596645338e-05,1.6774013501384434e-05,3.49210640356792e-05,0.00011426214789722757
module_layer_scan|base=0.650|layer=1|module=mlp|rest=0.250|target=0.450,module_layer_scan,0.002144788177910108,8.074091441993877e-05,0.0019538359153069527,0.0023357404405132632,7.455441486134461e-05,1.7687454261153753e-05,3.272358553371598e-05,0.00011638524418897323
functional4|attn_out=0.650|mlp_down=0.750|mlp_up=0.650|qkv=0.650|rest=0.250,functional4,0.002143796910691675,8.936956713795699e-05,0.0019324378844104068,0.0023551559369729435,7.35631476429118e-05,2.3846087822077567e-05,1.7167149943698347e-05,0.00012995914534212524
layer_scan|base=0.650|layer=9|rest=0.250|target=0.850,layer_scan,0.0021430594663123647,8.350510866925516e-05,0.0019455698843095762,0.002340549048315153,7.282570326360132e-05,1.991244413283199e-05,2.5732772889453654e-05,0.00011991863363774899
attn_mlp_rest|attn=0.650|mlp=0.550|rest=0.250,attn_mlp_rest,0.002143017986808455,7.763563006826334e-05,0.001959409721697012,0.0023266262519198977,7.278422375969155e-05,1.1960079297831726e-05,4.449863622031952e-05,0.00010106981129906358
layer_scan|base=0.650|layer=4|rest=0.250|target=0.850,layer_scan,0.002142122485392687,8.730203560873113e-05,0.001935653171178038,0.002348591799607336,7.188872234392381e-05,2.2730126996401596e-05,1.813197199743403e-05,0.00012564547269041358
module_layer_scan|base=0.650|layer=4|module=attn|rest=0.250|target=0.850,module_layer_scan,0.002142111876936685,8.426131331990446e-05,0.001942833870935111,0.002341389882938259,7.187811388792171e-05,2.0869759407265302e-05,2.2521132889739262e-05,0.00012123509488610416
attn_mlp_rest|attn=0.450|mlp=0.550|rest=0.250,attn_mlp_rest,0.0021409376819957996,7.098010135909617e-05,0.001973069742281537,0.002308805621710062,7.070391894703617e-05,1.2092839420256897e-05,4.2104353718128615e-05,9.930348417594373e-05
adaptive_binary|high=0.750|low=0.550|rest=0.250,adaptive_binary,0.0021407839898623347,8.835966309707841e-05,0.0019318133866377443,0.002349754593086925,7.055022681357135e-05,2.3830180219801336e-05,1.4191850593741187e-05,0.00012690860303340152
module_layer_scan|base=0.650|layer=3|module=attn|rest=0.250|target=0.850,module_layer_scan,0.0021406255770170858,8.814738546994699e-05,0.001932157010380661,0.0023490941436535104,7.039181396832237e-05,2.331430113302753e-05,1.5253491788712256e-05,0.0001255301361479325
module_layer_scan|base=0.650|layer=9|module=attn|rest=0.250|target=0.850,module_layer_scan,0.0021404450937957385,8.476432595866535e-05,0.001939977462903495,0.002340912724687982,7.021133074697509e-05,2.213140636768685e-05,1.7870554687395682e-05,0.0001225521068065545
square_rect_rest|rectangular=0.550|rest=0.250|square=0.450,square_rect_rest,0.002139884679317662,7.065317076214741e-05,0.001972789930465183,0.0023069794281701406,6.965091626889852e-05,1.049207826535608e-05,4.483715117133139e-05,9.446468136646566e-05
module_layer_scan|base=0.650|layer=6|module=attn|rest=0.250|target=0.850,module_layer_scan,0.0021398606707323385,8.572219281127067e-05,0.0019371276847336835,0.002342593656730994,6.962690768357515e-05,2.1200389907451107e-05,1.948798555245328e-05,0.00011976582981469702
input_write_rest|input=0.550|rest=0.250|write=0.450,input_write_rest,0.0021395218162248973,7.124618347917282e-05,0.0019710245922966536,0.002308019040153141,6.928805317613388e-05,1.0732744870050776e-05,4.3905111558463795e-05,9.467099479380397e-05
depth_half_rest|early=0.750|late=0.550|rest=0.250,depth_half_rest,0.002139092899260285,9.356638934450308e-05,0.0019178083884605355,0.002360377410060035,6.885913621152177e-05,2.8739473353137744e-05,8.902817313510033e-07,0.00013682799069169254
functional4|attn_out=0.650|mlp_down=0.650|mlp_up=0.550|qkv=0.650|rest=0.250,functional4,0.002137748612594336,7.970061009763468e-05,0.00194925666971343,0.002326240555475242,6.751484954557263e-05,1.5016935737915945e-05,3.199979652540142e-05,0.00010302990256574386
depth_thirds_rest|early=0.750|late=0.750|middle=0.450|rest=0.250,depth_thirds_rest,0.002137706329555759,9.474157382343674e-05,0.001913642507463331,0.002361770151648187,6.747256650699567e-05,2.911546344970587e-05,-1.3855045515587103e-06,0.00013633063756555004
module_layer_scan|base=0.650|layer=5|module=mlp|rest=0.250|target=0.850,module_layer_scan,0.0021375059596631355,8.679703357572891e-05,0.0019322309752565366,0.0023427809440697343,6.727219661437208e-05,2.342612630736184e-05,1.186940789746133e-05,0.00012267498533128285
module_layer_scan|base=0.650|layer=7|module=attn|rest=0.250|target=0.850,module_layer_scan,0.002136758805294243,8.758364248337238e-05,0.0019296234908210675,0.0023438941197674187,6.652504224547969e-05,2.2271340108229253e-05,1.3853322889517503e-05,0.00011919676160144187
attn_mlp_rest|attn=0.650|mlp=0.750|rest=0.250,attn_mlp_rest,0.002135938741845919,9.144500558540904e-05,0.0019196713036364265,0.0023522061800554115,6.57049787971555e-05,2.6575471742916725e-05,2.8539881251574432e-06,0.00012855596946915356
adaptive_binary|high=0.750|low=0.450|rest=0.250,adaptive_binary,0.0021348157986891578,8.289143782299198e-05,0.0019387775482377816,0.002330854049140534,6.458203564039438e-05,2.2212376442008503e-05,1.204976535504426e-05,0.00011711430592574448
layer_scan|base=0.650|layer=6|rest=0.250|target=0.850,layer_scan,0.002134517405082232,8.738715690689242e-05,0.0019278467789974312,0.0023411880311670326,6.428364203346854e-05,2.135264840188104e-05,1.3784628563019873e-05,0.0001147826555039172
depth_thirds_rest|early=0.750|late=0.450|middle=0.600|rest=0.250,depth_thirds_rest,0.0021343629729461025,8.509701253443654e-05,0.00193310853830216,0.002335617407590045,6.41292098973391e-05,2.0592492342055263e-05,1.54279655083784e-05,0.00011283045428629981
functional4|attn_out=0.450|mlp_down=0.450|mlp_up=0.850|qkv=0.850|rest=0.250,functional4,0.0021341993847266046,8.68210095346209e-05,0.001928867697177226,0.002339531072275983,6.396562167784118e-05,2.3556358481713006e-05,8.254833868589913e-06,0.00011967640948709244
input_write_rest|input=0.850|rest=0.250|write=0.450,input_write_rest,0.0021341993847266046,8.68210095346209e-05,0.001928867697177226,0.002339531072275983,6.396562167784118e-05,2.3556358481713006e-05,8.254833868589913e-06,0.00011967640948709244
adaptive_affine|intercept=0.350|rest=0.250|slope=0.250,adaptive_affine,0.0021341360025758133,6.987635171463641e-05,0.001968878430770698,0.0022993935743809285,6.39022395270499e-05,1.2817056849759137e-05,3.3589900077369536e-05,9.421457897673026e-05
hidden_rest|hidden=0.625|rest=0.125,hidden_rest,0.0021332521703693367,7.437207304731657e-05,0.001957362217612433,0.0023091421231262402,6.301840732057329e-05,1.4106967610135513e-05,2.9655428922602798e-05,9.638138571854379e-05
depth_half_rest|early=0.650|late=0.450|rest=0.250,depth_half_rest,0.002130411407659315,8.11654015901392e-05,0.0019384552328986359,0.0023223675824199943,6.01776446105518e-05,2.0056485731643024e-05,1.2744055855216047e-05,0.00010761123336588756
functional4|attn_out=0.650|mlp_down=0.850|mlp_up=0.650|qkv=0.650|rest=0.250,functional4,0.0021303861341264263,9.289513535573007e-05,0.0019106891390101247,0.002350083129242728,6.0152371077662904e-05,2.790365353756267e-05,-5.839769538672812e-06,0.0001261445116939986
functional4|attn_out=0.750|mlp_down=0.650|mlp_up=0.650|qkv=0.650|rest=0.250,functional4,0.002130249427785896,8.76208983874329e-05,0.0019230260030996171,0.0023374728524721746,6.0015664737132594e-05,2.13757426121118e-05,9.462033459488183e-06,0.00011056929601477701
module_layer_scan|base=0.650|layer=5|module=attn|rest=0.250|target=0.850,module_layer_scan,0.0021291142321856675,8.262232682117476e-05,0.0019337124292535892,0.002324516035117746,5.888046913690411e-05,2.0737626148445428e-05,9.835983295830667e-06,0.00010792495497797755
layer_scan|base=0.650|layer=7|rest=0.250|target=0.850,layer_scan,0.002127904784176298,8.696673581577357e-05,0.0019222284539719935,0.0023335811143806026,5.767102112753464e-05,2.3230885421538767e-05,2.72997710559545e-06,0.00011261206514947384
functional4|attn_out=0.750|mlp_down=0.750|mlp_up=0.550|qkv=0.550|rest=0.250,functional4,0.0021264523655371292,8.400847142050415e-05,0.001927772330627637,0.0023251324004466218,5.621860248836586e-05,1.8970369555510623e-05,1.1353678489583233e-05,0.0001010835264871485
input_write_rest|input=0.550|rest=0.250|write=0.750,input_write_rest,0.0021264523655371292,8.400847142050415e-05,0.001927772330627637,0.0023251324004466218,5.621860248836586e-05,1.8970369555510623e-05,1.1353678489583233e-05,0.0001010835264871485
square_rect_rest|rectangular=0.750|rest=0.250|square=0.650,square_rect_rest,0.002125859465673126,9.38409573230291e-05,0.001903925601604162,0.0023477933297420895,5.562570262436246e-05,2.8348581669777787e-05,-1.1418693024662022e-05,0.00012267009827338695
depth_thirds_rest|early=0.800|late=0.500|middle=0.650|rest=0.250,depth_thirds_rest,0.002121915711644748,9.208853283235073e-05,0.0019041263314962388,0.0023397050917932575,5.1681948595984784e-05,2.6294410595600298e-05,-1.0504332462609925e-05,0.0001138682296545795
layer_scan|base=0.650|layer=5|rest=0.250|target=0.850,layer_scan,0.0021218872051280385,8.892989437508555e-05,0.0019115680049309612,0.0023322064053251158,5.1653442079275125e-05,2.6266701226592223e-05,-1.0467306321615486e-05,0.00011377419048016574
functional4|attn_out=0.650|mlp_down=0.650|mlp_up=0.850|qkv=0.650|rest=0.250,functional4,0.002121158192247627,9.810275624011644e-05,0.0018891451737397514,0.0023531712107555023,5.092442919886345e-05,3.310476320381722e-05,-2.7368335778164292e-05,0.00012921719417589118
depth_half_rest|early=0.750|late=0.650|rest=0.250,depth_half_rest,0.0021184847155760436,9.499313329601915e-05,0.0018938259553309582,0.002343143475821129,4.825095252728026e-05,2.95990704793395e-05,-2.175084915635767e-05,0.00011825275421091818
square_rect_rest|rectangular=0.850|rest=0.250|square=0.450,square_rect_rest,0.0021170625462319952,8.99127463120941e-05,0.0019044189012038927,0.002329706191260098,4.682878318323187e-05,2.8369493953487744e-05,-2.0265070016766646e-05,0.00011392263638323038
input_write_rest|input=0.650|rest=0.250|write=0.750,input_write_rest,0.002116831490016395,9.053283274897521e-05,0.0019027213405650688,0.0023309416394677214,4.659772696763171e-05,2.6342734468884067e-05,-1.5702840051279115e-05,0.00010889829398654253
hidden_rest|hidden=0.700|rest=0.375,hidden_rest,0.0021165642037653254,9.694294314762567e-05,0.0018872941432211906,0.00234583426430946,4.633044071656201e-05,3.108128776182356e-05,-2.7176804840150714e-05,0.00011983768627327474
complement_split|embedding=0.450|hidden=0.650|other=0.250|scalar=0.250|unembed=0.450,complement_split,0.00211638359889543,8.835489436914538e-05,0.0019074242737124013,0.002325342924078459,4.614983584666672e-05,2.605770092180757e-05,-1.5476626833408176e-05,0.00010777629852674162
input_write_rest|input=0.750|rest=0.250|write=0.650,input_write_rest,0.002116248493433589,9.090274760109582e-05,0.0019012634953569974,0.0023312334915101805,4.6014730384825574e-05,2.6039898958760278e-05,-1.5569630652642494e-05,0.00010759909142229364
functional4|attn_out=0.650|mlp_down=0.650|mlp_up=0.650|qkv=0.750|rest=0.250,functional4,0.0021159782871909157,8.413013184354255e-05,0.0019170105253809376,0.0023149460490008936,4.574452414215233e-05,1.8043138787125262e-05,3.072500910601084e-06,8.841654737370358e-05
hidden_rest|hidden=0.550|rest=0.125,hidden_rest,0.0021123338350864376,6.706634568348528e-05,0.001953721927544995,0.00227094574262788,4.210007203767421e-05,1.415470252986895e-05,8.624200554534145e-06,7.557594352081427e-05
hidden_rest|hidden=0.700|rest=0.250,hidden_rest,0.002111958987224533,8.924475304489439e-05,0.001900895146273358,0.0023230228281757082,4.1725224175769796e-05,2.4526517002573218e-05,-1.6279988535315872e-05,9.973043688685546e-05
complement_split|embedding=0.000|hidden=0.650|other=0.250|scalar=0.250|unembed=0.000,complement_split,0.002111737215580435,7.78222032645666e-05,0.0019276877048597348,0.002295786726301135,4.150345253167145e-05,1.7471324014859267e-05,1.837712365292788e-07,8.282313382681362e-05
depth_half_rest|early=0.550|late=0.450|rest=0.250,depth_half_rest,0.002110371996661832,6.917001677803728e-05,0.0019467849069817736,0.00227395908634189,4.013823361306845e-05,9.316838524249371e-06,1.8103910503218688e-05,6.217255672291821e-05
depth_half_rest|early=0.750|late=0.450|rest=0.250,depth_half_rest,0.002110069962653159,8.932134936216967e-05,0.0018988249714116277,0.0023213149538946903,3.983619960439564e-05,2.5614800899839533e-05,-2.0742804523724867e-05,0.00010041520373251615
hidden_rest|hidden=0.625|rest=0.500,hidden_rest,0.0021096190589951847,8.29736521336859e-05,0.0019133863716990175,0.002305851746291352,3.93852959464213e-05,1.8511458249154134e-05,-4.3943028128282306e-06,8.316489470567084e-05
adaptive_binary|high=0.750|low=0.650|rest=0.250,adaptive_binary,0.002108910307385016,9.170916078628892e-05,0.0018920181421254428,0.0023258024726445893,3.86765443362528e-05,2.997547876091934e-05,-3.2215462933321453e-05,0.00010956855160582705
depth_thirds_rest|early=0.550|late=0.800|middle=0.550|rest=0.250,depth_thirds_rest,0.0021086552192595464,8.17370468346394e-05,0.0019153471034956241,0.002301963335023469,3.842145621078298e-05,1.7862497835542924e-05,-3.823351170276039e-06,8.0666263591842e-05
attn_mlp_rest|attn=0.450|mlp=0.850|rest=0.250,attn_mlp_rest,0.0021084868000517953,8.889616173647942e-05,0.0018982473775450215,0.0023187262225585694,3.825303700303196e-05,2.928593864331252e-05,-3.1008207888402157e-05,0.00010751428189446608
attn_mlp_rest|attn=0.550|mlp=0.850|rest=0.250,attn_mlp_rest,0.002108040848450808,9.376341581650544e-05,0.0018862903700447727,0.0023297913268568436,3.7807085402044756e-05,3.1919121088758815e-05,-3.768163597286985e-05,0.00011329580677695936
input_write_rest|input=0.450|rest=0.250|write=0.650,input_write_rest,0.002105168853836054,7.223092883303246e-05,0.0019343427071459322,0.0022759950005261757,3.493509078729071e-05,9.369391075814135e-06,1.2776480892990276e-05,5.7093700681591135e-05
depth_half_rest|early=0.450|late=0.550|rest=0.250,depth_half_rest,0.0021042913822803717,6.49260706313094e-05,0.001950741225237325,0.0022578415393234184,3.405761923160836e-05,9.497691445943356e-06,1.1595578961952324e-05,5.6519659501264396e-05
input_write_rest|input=0.450|rest=0.250|write=0.750,input_write_rest,0.0021035812883018526,7.293823264950478e-05,0.0019310823680857739,0.0022760802085179314,3.3347525253089264e-05,1.2700407296929645e-05,3.311061995850652e-06,6.338398851032787e-05
square_rect_rest|rectangular=0.850|rest=0.250|square=0.550,square_rect_rest,0.002102783370425339,9.724821868035121e-05,0.001872791333246308,0.0023327754076043696,3.2549607376575456e-05,3.342609833081133e-05,-4.650311517579334e-05,0.00011160232992894425
hidden_rest|hidden=0.550|rest=0.500,hidden_rest,0.0021018685238068826,7.595850227153845e-05,0.001922226665934694,0.002281510381679071,3.163476075811926e-05,9.486404514124444e-06,9.199414082214953e-06,5.4070107434023573e-05
depth_thirds_rest|early=0.800|late=0.800|middle=0.500|rest=0.250,depth_thirds_rest,0.002101754482943582,9.748401428932846e-05,0.0018712047891493203,0.002332304176737844,3.152071989481883e-05,3.26328016669651e-05,-4.565585604755364e-05,0.0001086972958371913
complement_split|embedding=0.300|hidden=0.650|other=0.250|scalar=0.250|unembed=0.150,complement_split,0.0021012951892886134,8.184191387324912e-05,0.0019077390629783793,0.0022948513155988475,3.1061426239850035e-05,1.9883093392591948e-05,-1.5962089633629926e-05,7.808494211333e-05
depth_half_rest|early=0.450|late=0.650|rest=0.250,depth_half_rest,0.0020994994684712734,6.6138309060717e-05,0.0019430823675426778,0.002255916569399869,2.926570542251001e-05,1.1325974832341391e-05,2.479774944022616e-06,5.60516359009974e-05
functional4|attn_out=0.650|mlp_down=0.650|mlp_up=0.450|qkv=0.650|rest=0.250,functional4,0.0020990867415336305,7.233963508110495e-05,0.0019280035045668173,0.0022701699785004437,2.8852978484867134e-05,7.630870726985962e-06,1.0805969215545331e-05,4.689998775418893e-05
depth_half_rest|early=0.650|late=0.750|rest=0.250,depth_half_rest,0.002098150151896784,9.013262705011396e-05,0.0018849864889232642,0.0023113138148703033,2.7916388848020415e-05,2.668040673288265e-05,-3.5182773075247064e-05,9.101555077128789e-05
input_write_rest|input=0.550|rest=0.250|write=0.850,input_write_rest,0.0020964714035287967,8.65240435992082e-05,0.0018918420404166693,0.0023011007666409243,2.6237640480033294e-05,2.241858151966659e-05,-2.678230481397819e-05,7.925758577404478e-05
depth_thirds_rest|early=0.800|late=0.400|middle=0.600|rest=0.250,depth_thirds_rest,0.002096269838932612,9.083001583829179e-05,0.001881456851475052,0.0023110828263901723,2.60360758838488e-05,2.7692297344078096e-05,-3.94562073348959e-05,9.15283591025935e-05
adaptive_affine|intercept=0.350|rest=0.250|slope=0.500,adaptive_affine,0.0020961219835205066,9.357087259460971e-05,0.0018748268698342545,0.0023174170972067587,2.5888220471743245e-05,2.8297992689729968e-05,-4.1036532239468134e-05,9.281297318295462e-05
complement_split|embedding=0.450|hidden=0.650|other=0.250|scalar=0.250|unembed=0.300,complement_split,0.0020952413381597193,8.841201702981267e-05,0.0018861469178842122,0.0023043357584352263,2.5007575110955887e-05,2.5613114665869678e-05,-3.556744107382591e-05,8.558259129573768e-05
input_write_rest|input=0.450|rest=0.250|write=0.550,input_write_rest,0.002092789072871924,6.989473531417472e-05,0.0019274880238539008,0.0022580901218899473,2.2555309823160674e-05,9.186358500118775e-06,8.295719703797692e-07,4.428104767594158e-05
depth_half_rest|early=0.550|late=0.750|rest=0.250,depth_half_rest,0.0020913733023303974,7.98599130687885e-05,0.0019025046079227126,0.0022802419967380824,2.1139539281633986e-05,2.0458361809395127e-05,-2.7244486397585497e-05,6.952356496085347e-05
attn_mlp_rest|attn=0.750|mlp=0.650|rest=0.250,attn_mlp_rest,0.0020912676457184153,8.815691341352108e-05,0.001882776545495438,0.0022997587459413927,2.1033882669651942e-05,2.501133086852826e-05,-3.8117914834417396e-05,8.018568017372128e-05
square_rect_rest|rectangular=0.650|rest=0.250|square=0.750,square_rect_rest,0.0020890133177182833,8.543816678132951e-05,0.001886952053280439,0.0022910745821561277,1.8779554669519968e-05,2.0405009909506347e-05,-2.947829376646255e-05,6.703740310550248e-05
functional4|attn_out=0.850|mlp_down=0.650|mlp_up=0.650|qkv=0.650|rest=0.250,functional4,0.002087663672481239,9.174771833231155e-05,0.0018706803186253223,0.002304647026337156,1.7429909432475736e-05,2.7574640432315782e-05,-4.77841151899511e-05,8.264393405490257e-05
depth_thirds_rest|early=0.450|late=0.750|middle=0.600|rest=0.250,depth_thirds_rest,0.0020833240672311418,7.505427222759553e-05,0.0019058207134128784,0.0022608274210494054,1.3090304182378394e-05,2.09465747370752e-05,-3.644834507080446e-05,6.262895343556125e-05
input_write_rest|input=0.850|rest=0.250|write=0.550,input_write_rest,0.002083045944713856,9.257894628011493e-05,0.0018640967367613843,0.0023019951526663278,1.2812181665092758e-05,2.7485999139509462e-05,-5.2192206299847123e-05,7.781656963003264e-05
attn_mlp_rest|attn=0.750|mlp=0.550|rest=0.250,attn_mlp_rest,0.0020811230890093115,8.052466586302065e-05,0.0018906822542432676,0.002271563923775355,1.0889325960548087e-05,1.6309796510337e-05,-2.7683342786398915e-05,4.946199470749509e-05
functional4|attn_out=0.750|mlp_down=0.550|mlp_up=0.550|qkv=0.750|rest=0.250,functional4,0.0020811230890093115,8.052466586302065e-05,0.0018906822542432676,0.002271563923775355,1.0889325960548087e-05,1.6309796510337e-05,-2.7683342786398915e-05,4.946199470749509e-05
hidden_rest|hidden=0.700|rest=0.125,hidden_rest,0.0020798963976067144,8.417798561714869e-05,0.0018808154616221577,0.002278977333591271,9.662634557951015e-06,2.2413937947048938e-05,-4.334632868681973e-05,6.267159780272175e-05
functional4|attn_out=0.850|mlp_down=0.850|mlp_up=0.450|qkv=0.450|rest=0.250,functional4,0.0020792682352504693,8.026759012298967e-05,0.0018894353846095986,0.00226910108589134,9.0344722017059e-06,1.86818914973632e-05,-3.514820118955808e-05,5.321714559296988e-05
input_write_rest|input=0.450|rest=0.250|write=0.850,input_write_rest,0.0020792682352504693,8.026759012298967e-05,0.0018894353846095986,0.00226910108589134,9.0344722017059e-06,1.86818914973632e-05,-3.514820118955808e-05,5.321714559296988e-05
depth_half_rest|early=0.850|late=0.550|rest=0.250,depth_half_rest,0.0020782381597788785,9.645468455591695e-05,0.001850122830804135,0.0023063534887536223,8.004396730115163e-06,3.385294699355959e-05,-7.205782290965328e-05,8.80666163698836e-05
square_rect_rest|rectangular=0.450|rest=0.250|square=0.550,square_rect_rest,0.0020782300382205837,6.916930910983827e-05,0.0019146446221758161,0.0022418154542653513,7.996275171820357e-06,6.481098658640048e-06,-7.331523155863358e-06,2.3324073499504072e-05
depth_thirds_rest|early=0.500|late=0.500|middle=0.800|rest=0.250,depth_thirds_rest,0.0020747394354931944,7.185308743151616e-05,0.0019048068837176587,0.00224467198726873,4.505672444431001e-06,1.5383740771177053e-05,-3.1876874479402734e-05,4.0888219368264736e-05
depth_thirds_rest|early=0.450|late=0.450|middle=0.750|rest=0.250,depth_thirds_rest,0.0020717175551565876,6.712349914747806e-05,0.001912970479672802,0.0022304646306403734,1.4837921078242507e-06,1.2572810386202272e-05,-2.8250904455544126e-05,3.121848867119263e-05
attn_mlp_rest|attn=0.550|mlp=0.450|rest=0.250,attn_mlp_rest,0.002071367469679293,6.903869452892005e-05,0.001908090957118397,0.002234643982240189,1.1337066305296475e-06,8.658786843407329e-06,-1.9344324254128688e-05,2.1611737515187983e-05
depth_thirds_rest|early=0.500|late=0.800|middle=0.650|rest=0.250,depth_thirds_rest,0.0020703255065728306,8.332225403654786e-05,0.0018732683757763948,0.0022673826373692664,9.174352406720807e-08,2.3746458629797415e-05,-5.6068631135403684e-05,5.62521181835381e-05
scalar|alpha=0.500,scalar,0.0020702337630487634,6.791601594034707e-05,0.0019096123853498425,0.0022308551407476842,0.0,0.0,0.0,0.0
functional4|attn_out=0.650|mlp_down=0.650|mlp_up=0.650|qkv=0.850|rest=0.250,functional4,0.0020692584928485693,8.652974266660409e-05,0.0018646156514420505,0.002273901334255088,-9.752702001940977e-07,2.318217360848481e-05,-5.5801110784260675e-05,5.385057038387248e-05
square_rect_rest|rectangular=0.550|rest=0.250|square=0.750,square_rect_rest,0.002068232473442314,8.54030398153848e-05,0.001866254284278929,0.0022702106626056994,-2.001289606449238e-06,2.2309321379633205e-05,-5.476283466928177e-05,5.0760255456383296e-05
scalar|alpha=0.550,scalar,0.002065591046661796,7.92950890125947e-05,0.0018780581611470093,0.002253123932176582,-4.642716386967557e-06,2.2955583692936855e-05,-5.893267182076322e-05,4.964723904682811e-05
adaptive_binary|high=0.850|low=0.450|rest=0.250,adaptive_binary,0.00206476958237074,8.99866944838585e-05,0.0018519510499164144,0.0022775881148250653,-5.464180678023487e-06,2.6583551131567375e-05,-6.833427910418033e-05,5.740591774813336e-05
square_rect_rest|rectangular=0.450|rest=0.250|square=0.650,square_rect_rest,0.002063712015671452,6.717074890058622e-05,0.0019048531945215657,0.0022225708368213385,-6.521747377311298e-06,9.489002992384215e-06,-2.896323945429997e-05,1.5919744699677373e-05
complement_split|embedding=0.150|hidden=0.650|other=0.250|scalar=0.250|unembed=0.000,complement_split,0.0020636124250415985,7.828060943069658e-05,0.001878478783738001,0.002248746066345196,-6.6213380071648495e-06,1.849835211756952e-05,-5.0369940765216764e-05,3.7127264750887065e-05
hidden_rest|hidden=0.700|rest=0.500,hidden_rest,0.0020607293347205437,9.930413499797917e-05,0.001825875055450323,0.0022955836139907644,-9.504428328219704e-06,3.2675456133934234e-05,-8.678188208497418e-05,6.777302542853477e-05
depth_half_rest|early=0.850|late=0.450|rest=0.250,depth_half_rest,0.002060184103243875,9.416665522080919e-05,0.001837479963646661,0.0022828882428410887,-1.0049659804888499e-05,3.3996322281641076e-05,-9.045096200096965e-05,7.035164239119265e-05
adaptive_binary|high=0.850|low=0.550|rest=0.250,adaptive_binary,0.0020587129723665955,9.07143620414383e-05,0.0018441735061385939,0.002273252438594597,-1.152079068216785e-05,2.7031604686683964e-05,-7.545053576617543e-05,5.2408954401839735e-05
input_write_rest|input=0.650|rest=0.250|write=0.850,input_write_rest,0.0020569608273116333,9.177448578332868e-05,0.001839914168434061,0.002274007486189206,-1.3272935737130079e-05,2.638971165526988e-05,-7.568460380184335e-05,4.9138732327583194e-05
attn_mlp_rest|attn=0.650|mlp=0.450|rest=0.250,attn_mlp_rest,0.0020556348775114565,7.060881673203568e-05,0.001888645025940192,0.0022226247290827207,-1.4598885537306892e-05,1.3605228861467276e-05,-4.6775251794677006e-05,1.757748072006322e-05
depth_half_rest|early=0.450|late=0.750|rest=0.250,depth_half_rest,0.0020549885343725135,7.33913151325311e-05,0.0018814180740840774,0.0022285589946609494,-1.5245228676249913e-05,1.3540801990233071e-05,-4.726922538315113e-05,1.6778768030651305e-05
depth_half_rest|early=0.850|late=0.650|rest=0.250,depth_half_rest,0.002052630610602863,0.00010087966672819725,0.0018140501987906766,0.0022912110224150494,-1.7603152445900237e-05,3.669714535021592e-05,-0.0001043919011991609,6.918559630736042e-05
attn_mlp_rest|attn=0.450|mlp=0.450|rest=0.250,attn_mlp_rest,0.0020513920061572114,5.988659144496754e-05,0.0019097602173898632,0.00219302379492456,-1.8841756891551948e-05,1.3685476711456727e-05,-5.120790931414711e-05,1.3524395531043215e-05
depth_half_rest|early=0.450|late=0.450|rest=0.250,depth_half_rest,0.0020513920061572114,5.988659144496754e-05,0.0019097602173898632,0.00219302379492456,-1.8841756891551948e-05,1.3685476711456727e-05,-5.120790931414711e-05,1.3524395531043215e-05
hidden_rest|hidden=0.450|rest=0.250,hidden_rest,0.0020513920061572114,5.988659144496754e-05,0.0019097602173898632,0.00219302379492456,-1.8841756891551948e-05,1.3685476711456727e-05,-5.120790931414711e-05,1.3524395531043215e-05
input_write_rest|input=0.450|rest=0.250|write=0.450,input_write_rest,0.0020513920061572114,5.988659144496754e-05,0.0019097602173898632,0.00219302379492456,-1.8841756891551948e-05,1.3685476711456727e-05,-5.120790931414711e-05,1.3524395531043215e-05
square_rect_rest|rectangular=0.450|rest=0.250|square=0.450,square_rect_rest,0.0020513920061572114,5.988659144496754e-05,0.0019097602173898632,0.00219302379492456,-1.8841756891551948e-05,1.3685476711456727e-05,-5.120790931414711e-05,1.3524395531043215e-05
hidden_rest|hidden=0.450|rest=0.375,hidden_rest,0.0020495647163852313,6.28002816261307e-05,0.0019010420503394322,0.0021980873824310305,-2.066904666353205e-05,7.095002403150374e-06,-3.744872734698269e-05,-3.889365980081411e-06
hidden_rest|hidden=0.625|rest=0.000,hidden_rest,0.0020493098928084635,7.46129808360673e-05,0.0018728501931311644,0.0022257695924857625,-2.092387024029991e-05,2.0384747355460717e-05,-6.91337977359645e-05,2.728605725536469e-05
attn_mlp_rest|attn=0.650|mlp=0.850|rest=0.250,attn_mlp_rest,0.0020449424199346614,9.386089738872052e-05,0.0018229613976103373,0.002266923442258985,-2.5291343114102003e-05,2.9532289504685854e-05,-9.513520779268405e-05,4.4552521564480044e-05
attn_mlp_rest|attn=0.750|mlp=0.750|rest=0.250,attn_mlp_rest,0.002044027821104142,9.998141448808318e-05,0.0018075717758398253,0.002280483866368459,-2.6205941944621326e-05,3.5523552825593326e-05,-0.00011021914437714954,5.780726048790689e-05
depth_half_rest|early=0.750|late=0.750|rest=0.250,depth_half_rest,0.002044027821104142,9.998141448808318e-05,0.0018075717758398253,0.002280483866368459,-2.6205941944621326e-05,3.5523552825593326e-05,-0.00011021914437714954,5.780726048790689e-05
depth_thirds_rest|early=0.750|late=0.750|middle=0.750|rest=0.250,depth_thirds_rest,0.002044027821104142,9.998141448808318e-05,0.0018075717758398253,0.002280483866368459,-2.6205941944621326e-05,3.5523552825593326e-05,-0.00011021914437714954,5.780726048790689e-05
input_write_rest|input=0.750|rest=0.250|write=0.750,input_write_rest,0.002044027821104142,9.998141448808318e-05,0.0018075717758398253,0.002280483866368459,-2.6205941944621326e-05,3.5523552825593326e-05,-0.00011021914437714954,5.780726048790689e-05
square_rect_rest|rectangular=0.750|rest=0.250|square=0.750,square_rect_rest,0.002044027821104142,9.998141448808318e-05,0.0018075717758398253,0.002280483866368459,-2.6205941944621326e-05,3.5523552825593326e-05,-0.00011021914437714954,5.780726048790689e-05
hidden_rest|hidden=0.550|rest=0.000,hidden_rest,0.002041378534245883,7.173953939640121e-05,0.0018717145235733943,0.002211042544918372,-2.8855228802880228e-05,2.335327270235232e-05,-8.408571874394348e-05,2.6375261138183015e-05
complement_split|embedding=0.450|hidden=0.650|other=0.250|scalar=0.250|unembed=0.150,complement_split,0.002041246314707952,8.597885460486815e-05,0.0018379063235674387,0.0022445863058484653,-2.8987448340811375e-05,2.4116457584196853e-05,-8.602287052743694e-05,2.8047973845814188e-05
depth_thirds_rest|early=0.400|late=0.800|middle=0.600|rest=0.250,depth_thirds_rest,0.0020405406254315477,7.53953305493335e-05,0.0018622306686823739,0.0022188505821807212,-2.9693137617215707e-05,2.0984635692928592e-05,-7.932180103099183e-05,1.9935525796560416e-05
square_rect_rest|rectangular=0.850|rest=0.250|square=0.650,square_rect_rest,0.002037777927498903,9.619049707362925e-05,0.0018102874019197697,0.002265268453078036,-3.245583554986045e-05,3.276730993073197e-05,-0.00010995052353604156,4.5038852436320666e-05
scalar|alpha=0.600,scalar,0.0020319618078039115,8.663298070711935e-05,0.0018270748084315742,0.0022368488071762486,-3.827195524485185e-05,2.2881086276433853e-05,-9.238572428861791e-05,1.5841813798914222e-05
input_write_rest|input=0.850|rest=0.250|write=0.650,input_write_rest,0.002029689684644226,9.81770452147084e-05,0.0017975009727114407,0.0022618783965770114,-4.05440784045372e-05,3.2943009587955145e-05,-0.00011845429608005113,3.736613927097673e-05
scalar|alpha=0.450,scalar,0.002026900720079532,6.399845852840063e-05,0.0018755443656598644,0.0021782570744991996,-4.333304296923147e-05,7.475462427145309e-06,-6.101251160943013e-05,-2.5653574329032815e-05
depth_thirds_rest|early=0.450|late=0.850|middle=0.650|rest=0.250,depth_thirds_rest,0.0020248003639077253,7.551396389449483e-05,0.0018462098392972451,0.0022033908885182056,-4.5433399141038035e-05,1.900159054576411e-05,-9.037216078177016e-05,-4.946375003059072e-07
complement_split|embedding=0.300|hidden=0.650|other=0.250|scalar=0.250|unembed=0.000,complement_split,0.002020143696805388,8.108248691622351e-05,0.0018283836152485193,0.0022119037783622565,-5.00900662433754e-05,2.1586348005212812e-05,-0.00010114177927570371,9.61646788952908e-07
square_rect_rest|rectangular=0.450|rest=0.250|square=0.750,square_rect_rest,0.002015880997469675,7.320961090619439e-05,0.001842740267676525,0.002189021727262825,-5.435276557908854e-05,1.1982588834674552e-05,-8.269158817309386e-05,-2.601394298508322e-05
hidden_rest|hidden=0.700|rest=0.000,hidden_rest,0.0020080892333065466,8.570197623160464e-05,0.0018054040595188016,0.0022107744070942914,-6.214452974221676e-05,3.160626205784235e-05,-0.0001368933395090139,1.260428002458039e-05
scalar|alpha=0.650,scalar,0.0020071174032725973,9.203112200705425e-05,0.001789463799725914,0.0022247710068192808,-6.31163597761661e-05,2.568383567981782e-05,-0.00012385863115893525,-2.374088393396953e-06
adaptive_binary|high=0.850|low=0.650|rest=0.250,adaptive_binary,0.0020060333408009282,9.914607038312317e-05,0.001771552884344842,0.0022405137972570147,-6.420042224783516e-05,3.454787982708897e-05,-0.00014590615803890058,1.7505313543230268e-05
hidden_rest|hidden=0.450|rest=0.500,hidden_rest,0.0020058965094730047,6.599366904131348e-05,0.0018498214821902983,0.002161971536755711,-6.433725357575873e-05,6.64182291845115e-06,-8.00451647778957e-05,-4.862934237362176e-05
hidden_rest|hidden=0.450|rest=0.125,hidden_rest,0.002004219902954262,5.475291798985592e-05,0.0018747292519082526,0.002133710554000271,-6.601386009450145e-05,1.9208567729957345e-05,-0.00011144212277585057,-2.058559741315232e-05
adaptive_affine|intercept=0.250|rest=0.250|slope=0.250,adaptive_affine,0.0020016572692516505,5.875878611882954e-05,0.0018626927400806185,0.0021406217984226822,-6.857649379711289e-05,1.5863079581209326e-05,-0.00010609267700667294,-3.106031058755283e-05
attn_mlp_rest|attn=0.750|mlp=0.450|rest=0.250,attn_mlp_rest,0.002000748015936958,7.219534583311671e-05,0.001830006023041637,0.002171490008832279,-6.948574711180535e-05,1.0477807467381153e-05,-9.426576177216178e-05,-4.4705732451448925e-05
square_rect_rest|rectangular=0.550|rest=0.250|square=0.850,square_rect_rest,0.001999150160508682,8.480962792014593e-05,0.001798575390477537,0.002199724930539827,-7.10836025400812e-05,2.099370236874179e-05,-0.00012073370864215553,-2.1433496438006856e-05
square_rect_rest|rectangular=0.650|rest=0.250|square=0.850,square_rect_rest,0.001997301316629167,9.446090466853876e-05,0.0017739012770880726,0.002220701356170261,-7.293244641959655e-05,2.9585865246682488e-05,-0.00014290301772800065,-2.9618751111924556e-06
attn_mlp_rest|attn=0.850|mlp=0.650|rest=0.250,attn_mlp_rest,0.0019914508977261877,9.299962666699508e-05,0.0017715067806587444,0.0022113950147936313,-7.878286532257564e-05,2.781948483118031e-05,-0.0001445759469483171,-1.2989783696834201e-05
depth_half_rest|early=0.550|late=0.850|rest=0.250,depth_half_rest,0.0019887309093307,8.427807825703926e-05,0.001789413254252802,0.0021880485644085977,-8.150285371806348e-05,2.0515128894136235e-05,-0.00013002113355269567,-3.2984573883431276e-05
adaptive_affine|intercept=0.250|rest=0.250|slope=0.750,adaptive_affine,0.001987092251431702,0.00010068682004660373,0.0017489679220214843,0.00222521658084192,-8.314151161706133e-05,3.526943803408114e-05,-0.00016655373256766322,2.707093335405634e-07
attn_mlp_rest|attn=0.850|mlp=0.550|rest=0.250,attn_mlp_rest,0.001977803775788683,8.607173665599236e-05,0.001774244118597261,0.002181363432980105,-9.242998726008032e-05,2.0740805608887598e-05,-0.00014148199252509948,-4.337798199506115e-05
depth_half_rest|early=0.650|late=0.850|rest=0.250,depth_half_rest,0.0019749873896257584,9.562861020629203e-05,0.0017488257264878777,0.0022011490527636393,-9.524637342300498e-05,2.9788778587411482e-05,-0.00016569683478223315,-2.479591206377682e-05
depth_half_rest|early=0.850|late=0.750|rest=0.250,depth_half_rest,0.0019726717100449335,0.00010584836390254705,0.0017223403294154096,0.0022230030906744574,-9.756205300382988e-05,4.144950150478916e-05,-0.00019559012406265624,4.660180549964952e-07
input_write_rest|input=0.750|rest=0.250|write=0.850,input_write_rest,0.001963112040281333,0.00010123801115327558,0.0017236841439038362,0.00220253993665883,-0.0001071217227674305,3.562756833452796e-05,-0.00019138092187858915,-2.2862523656271854e-05
hidden_rest|hidden=0.800|rest=0.250,hidden_rest,0.0019601224674317993,9.942417139433162e-05,0.001724984302084205,0.0021952606327793936,-0.00011011129561696404,3.4888455266428474e-05,-0.00019262249232206738,-2.7600098911860697e-05
attn_mlp_rest|attn=0.750|mlp=0.850|rest=0.250,attn_mlp_rest,0.0019554984980576988,0.00010219210465761706,0.0017138141705424345,0.002197182825572963,-0.0001147352649910646,3.6080279250933324e-05,-0.0002000651254195219,-2.9405404562607285e-05
complement_split|embedding=0.450|hidden=0.650|other=0.250|scalar=0.250|unembed=0.000,complement_split,0.001954876918301125,8.417505212284777e-05,0.0017558029200305902,0.00215395091657166,-0.00011535684474763821,2.5189907637460926e-05,-0.0001749309763102333,-5.5782713185043115e-05
depth_half_rest|early=0.450|late=0.850|rest=0.250,depth_half_rest,0.001954597900544257,7.963555900341268e-05,0.001766259803501186,0.002142935997587328,-0.0001156358625045064,2.1509880371711567e-05,-0.00016650672958360427,-6.476499542540854e-05
hidden_rest|hidden=0.800|rest=0.375,hidden_rest,0.0019504737061118251,0.00010673465224368565,0.0016980462535555086,0.0022029011586681417,-0.00011976005693693824,3.983411527875818e-05,-0.00021396773957120134,-2.5552374302675147e-05
square_rect_rest|rectangular=0.450|rest=0.250|square=0.850,square_rect_rest,0.0019489851819938565,7.657416739731365e-05,0.0017678872760992096,0.0021300830878885034,-0.0001212485810549069,1.3038951248632787e-05,-0.00015208570075792344,-9.041146135189035e-05
square_rect_rest|rectangular=0.850|rest=0.250|square=0.750,square_rect_rest,0.0019461506207887449,0.00010523052306168344,0.0016972804337478634,0.0021950208078296263,-0.00012408314226001853,4.0233843237664684e-05,-0.0002192361815170955,-2.893010300294154e-05
scalar|alpha=0.400,scalar,0.001944046802828362,5.661214367848436e-05,0.0018101590830287464,0.0020779345226279774,-0.00012618696022040138,1.375059067457831e-05,-0.00015870710716577908,-9.366681327502367e-05
adaptive_affine|intercept=0.450|rest=0.250|slope=0.500,adaptive_affine,0.0019406621559657391,0.00010392944182757544,0.0016948690260435231,0.002186455285887955,-0.00012957160708302424,3.8175503679306914e-05,-0.00021985667328458508,-3.9286540881463387e-05
input_write_rest|input=0.850|rest=0.250|write=0.750,input_write_rest,0.0019375366206668106,9.867817774179176e-05,0.001704162730307473,0.0021709105110261483,-0.00013269714238195278,3.425700732362617e-05,-0.00021371496470232868,-5.167932006157688e-05
square_rect_rest|rectangular=0.750|rest=0.250|square=0.850,square_rect_rest,0.0019351392654022716,0.00010012047761095522,0.0016983543358523624,0.0021719241949521807,-0.00013509449764649182,3.4385834999647195e-05,-0.00021641699742065744,-5.37719978723262e-05
attn_mlp_rest|attn=0.850|mlp=0.750|rest=0.250,attn_mlp_rest,0.0019341338488796846,0.00010171635390480467,0.0016935746718948217,0.0021746930258645476,-0.00013609991416907875,3.563034049042388e-05,-0.00022036566942893121,-5.1834158909226264e-05
hidden_rest|hidden=0.800|rest=0.125,hidden_rest,0.0019329837639635657,9.423024528720812e-05,0.0017101292338593185,0.002155838294067813,-0.0001372499990851977,3.063790259618791e-05,-0.0002097086387251821,-6.479135944521328e-05
attn_mlp_rest|attn=0.850|mlp=0.450|rest=0.250,attn_mlp_rest,0.0019321434551185894,7.58387510857421e-05,0.0017527848088008094,0.0021115021014363696,-0.00013809030793017398,1.3820166714448685e-05,-0.00017077500220984512,-0.00010540561365050285
depth_half_rest|early=0.750|late=0.850|rest=0.250,depth_half_rest,0.0019295239839838018,0.00010477520130393949,0.0016817306328999848,0.002177317335067619,-0.00014070977906496156,3.961754850708032e-05,-0.00023440528128420651,-4.701427684571659e-05
hidden_rest|hidden=0.450|rest=0.000,hidden_rest,0.001918138111102387,5.5155157338711277e-05,0.0017876961639963348,0.0020485800582084393,-0.00015209565194637632,2.261429569326434e-05,-0.00020557846126094647,-9.861284263180615e-05
hidden_rest|hidden=0.800|rest=0.500,hidden_rest,0.001906942097733687,0.00010429678189314046,0.0016602802085564099,0.0021536039869109644,-0.00016329166531507634,3.778383041666869e-05,-0.0002526504242504978,-7.393290637965488e-05
scalar|alpha=0.700,scalar,0.001898554095587461,9.477296653161595e-05,0.0016744160297401892,0.0021226921614347326,-0.00017167966746130248,2.8733329460888598e-05,-0.00023963399163630402,-0.00010372534328630093
hidden_rest|hidden=0.800|rest=0.000,hidden_rest,0.0018529058391037593,9.41834497801013e-05,0.0016301619803738196,0.002075649697833699,-0.00021732792394500407,3.4578369248048045e-05,-0.0002991057672166377,-0.00013555008067337045
attn_mlp_rest|attn=0.850|mlp=0.850|rest=0.250,attn_mlp_rest,0.0018363290629058514,0.00010919875246922089,0.0015780740133161438,0.002094584112495559,-0.00023390470014291202,4.403504472017866e-05,-0.00033804758090613457,-0.00012976181937968947
depth_half_rest|early=0.850|late=0.850|rest=0.250,depth_half_rest,0.0018363290629058514,0.00010919875246922089,0.0015780740133161438,0.002094584112495559,-0.00023390470014291202,4.403504472017866e-05,-0.00033804758090613457,-0.00012976181937968947
input_write_rest|input=0.850|rest=0.250|write=0.850,input_write_rest,0.0018363290629058514,0.00010919875246922089,0.0015780740133161438,0.002094584112495559,-0.00023390470014291202,4.403504472017866e-05,-0.00033804758090613457,-0.00012976181937968947
square_rect_rest|rectangular=0.850|rest=0.250|square=0.850,square_rect_rest,0.0018363290629058514,0.00010919875246922089,0.0015780740133161438,0.002094584112495559,-0.00023390470014291202,4.403504472017866e-05,-0.00033804758090613457,-0.00012976181937968947
scalar|alpha=0.350,scalar,0.0018350377016084609,5.020621721242791e-05,0.0017162999979010688,0.001953775405315853,-0.00023519606144030251,1.8350174416120305e-05,-0.00027859422393442706,-0.00019179789894617797
scalar|alpha=0.750,scalar,0.0017850701539264607,0.00010165183319651766,0.0015446635684166965,0.002025476739436225,-0.0002851636091223027,3.554247563625554e-05,-0.00036922156400204703,-0.00020110565424255833
adaptive_affine|intercept=0.350|rest=0.250|slope=0.750,adaptive_affine,0.0017318029798893877,0.00010876542555771123,0.0014745727484454007,0.0019890332113333747,-0.0003384307831593757,4.2897572218358444e-05,-0.0004398835414557934,-0.00023697802486295799
scalar|alpha=0.300,scalar,0.0016846447487493797,4.805693962562487e-05,0.001570990086534777,0.0017982994109639824,-0.0003855890142993837,2.148629685809083e-05,-0.00043640410636876855,-0.00033477392222999887
scalar|alpha=0.800,scalar,0.0016232987483696922,0.00011107560388318795,0.0013606049451859526,0.0018859925515534318,-0.0004469350146790712,4.502013363977983e-05,-0.0005534076307371506,-0.0003404623986209919
scalar|alpha=0.250,scalar,0.0014964947116835477,3.8399255653993814e-05,0.0014056804720618524,0.001587308951305243,-0.0005737390513652157,3.1683777056464355e-05,-0.0006486711841037539,-0.0004988069186266774
scalar|alpha=0.850,scalar,0.0014314985378340284,0.00010951614928903677,0.0011724928447654564,0.0016905042309026004,-0.000638735225214735,4.284915679248563e-05,-0.0007400734810289635,-0.0005373969694005065
adaptive_affine|intercept=0.450|rest=0.250|slope=0.750,adaptive_affine,0.00138907212020938,0.00012453625406418526,0.0010945438793475819,0.0016836003610711783,-0.0006811616428393833,5.7968011095647355e-05,-0.0008182559890805893,-0.0005440672965981773
scalar|alpha=0.200,scalar,0.0012725453422356876,2.837018281860155e-05,0.001205449859869695,0.0013396408246016804,-0.0007976884208130757,4.281143563368487e-05,-0.0008989374660867404,-0.0006964393755394111
scalar|alpha=0.900,scalar,0.0012106464909937718,0.00012497244107097455,0.000915086667860917,0.0015062063141266266,-0.0008595872720549916,5.8070862040707674e-05,-0.0009969248607812652,-0.0007222496833287179
scalar|alpha=0.150,scalar,0.0010073390189621009,2.431647389553976e-05,0.0009498305581991494,0.0010648474797250525,-0.0010628947440866625,4.87848629713384e-05,-0.0011782709450138778,-0.0009475185431594472
scalar|alpha=0.950,scalar,0.0009350255950990836,0.00012933405416881434,0.0006291505569898377,0.0012409006332083296,-0.0011352081679496797,6.315746183911981e-05,-0.001284575565199198,-0.0009858407707001614
scalar|alpha=0.100,scalar,0.0007062385812799375,1.4508538118302236e-05,0.0006719258886301527,0.0007405512739297222,-0.001363995181768826,5.5679316207097636e-05,-0.0014956767645986119,-0.00123231359893904
scalar|alpha=1.000,scalar,0.000658436143904019,0.000136714924456352,0.00033510534756474644,0.0009817669402432914,-0.0014117976191447444,7.01570965548496e-05,-0.0015777191524969636,-0.0012458760857925251
scalar|alpha=0.050,scalar,0.000381836378056233,1.1259880442687357e-05,0.0003552067608092774,0.0004084659953031886,-0.0016883973849925304,5.792050508217838e-05,-0.0018253793795118822,-0.0015514153904731785
scalar|alpha=0.000,scalar,0.0,0.0,0.0,0.0,-0.0020702337630487634,6.791601594034707e-05,-0.0022308551407476842,-0.0019096123853498425
