bpb,bpb_se_within_run,charged_flop_equiv,delta_vs_raw,eval_batches_count,eval_kind,improvement_vs_raw,optimizer,recipe,result_path,seed,step,trajectory_id
1.070513749931207,0.006396102378142721,3000.30517578125,-0.0008296676123344948,256,final,0.0008296676123344948,native,adaptive:hybrid:8:32:1.0:all,outputs/optimization_paper/averaging_curves_d12_s5_v1/native_seed1337/trajectories/lr040_wd065/result.json,1337,3000,lr040_wd065
1.070658054601141,0.006396048532836798,3000.30517578125,-0.0006853629424004026,256,final,0.0006853629424004026,native,adaptive:hybrid:8:32:1.0:muon,outputs/optimization_paper/averaging_curves_d12_s5_v1/native_seed1337/trajectories/lr040_wd065/result.json,1337,3000,lr040_wd065
1.0714616332894429,0.006400728024822242,3000.30517578125,0.0001182157459014288,256,final,-0.0001182157459014288,native,ema:0.95:16:4,outputs/optimization_paper/averaging_curves_d12_s5_v1/native_seed1337/trajectories/lr040_wd065/result.json,1337,3000,lr040_wd065
1.0718031968926427,0.006396626538053636,3000.30517578125,0.0004597793491012414,256,final,-0.0004597793491012414,native,group:muon:8:32,outputs/optimization_paper/averaging_curves_d12_s5_v1/native_seed1337/trajectories/lr040_wd065/result.json,1337,3000,lr040_wd065
1.0713434175435415,0.00639613901506351,3000.30517578125,0.0,256,final,0.0,native,raw,outputs/optimization_paper/averaging_curves_d12_s5_v1/native_seed1337/trajectories/lr040_wd065/result.json,1337,3000,lr040_wd065
1.0714616309216995,0.006399601900242723,3000.30517578125,0.00011821337815809407,256,final,-0.00011821337815809407,native,uniform:4:16,outputs/optimization_paper/averaging_curves_d12_s5_v1/native_seed1337/trajectories/lr040_wd065/result.json,1337,3000,lr040_wd065
1.0719259344359169,0.006396144107483304,3000.30517578125,0.0005825168923754287,256,final,-0.0005825168923754287,native,uniform:8:32,outputs/optimization_paper/averaging_curves_d12_s5_v1/native_seed1337/trajectories/lr040_wd065/result.json,1337,3000,lr040_wd065
1.0706770524544413,0.006407638008670814,3000.30517578125,-0.0007344297969591462,256,final,0.0007344297969591462,native,adaptive:hybrid:8:32:1.0:all,outputs/optimization_paper/averaging_curves_d12_s5_v1/native_seed2337/trajectories/lr040_wd065/result.json,2337,3000,lr040_wd065
1.0706851734707579,0.006409422687263254,3000.30517578125,-0.000726308780642615,256,final,0.000726308780642615,native,adaptive:hybrid:8:32:1.0:muon,outputs/optimization_paper/averaging_curves_d12_s5_v1/native_seed2337/trajectories/lr040_wd065/result.json,2337,3000,lr040_wd065
1.0715717865322147,0.006409161981183939,3000.30517578125,0.00016030428081426074,256,final,-0.00016030428081426074,native,ema:0.95:16:4,outputs/optimization_paper/averaging_curves_d12_s5_v1/native_seed2337/trajectories/lr040_wd065/result.json,2337,3000,lr040_wd065
1.0717836115839545,0.006413208993134411,3000.30517578125,0.0003721293325540387,256,final,-0.0003721293325540387,native,group:muon:8:32,outputs/optimization_paper/averaging_curves_d12_s5_v1/native_seed2337/trajectories/lr040_wd065/result.json,2337,3000,lr040_wd065
1.0714114822514005,0.0064066384492254954,3000.30517578125,0.0,256,final,0.0,native,raw,outputs/optimization_paper/averaging_curves_d12_s5_v1/native_seed2337/trajectories/lr040_wd065/result.json,2337,3000,lr040_wd065
1.0715523796319995,0.006408975124536277,3000.30517578125,0.00014089738059896995,256,final,-0.00014089738059896995,native,uniform:4:16,outputs/optimization_paper/averaging_curves_d12_s5_v1/native_seed2337/trajectories/lr040_wd065/result.json,2337,3000,lr040_wd065
1.0720789103927983,0.006411427526686652,3000.30517578125,0.0006674281413978633,256,final,-0.0006674281413978633,native,uniform:8:32,outputs/optimization_paper/averaging_curves_d12_s5_v1/native_seed2337/trajectories/lr040_wd065/result.json,2337,3000,lr040_wd065
1.0705545775820862,0.0063965335191062365,3000.30517578125,-0.000780080207335887,256,final,0.000780080207335887,native,adaptive:hybrid:8:32:1.0:all,outputs/optimization_paper/averaging_curves_d12_s5_v1/native_seed3337/trajectories/lr040_wd065/result.json,3337,3000,lr040_wd065
1.0705292636696706,0.006397158513453808,3000.30517578125,-0.0008053941197514458,256,final,0.0008053941197514458,native,adaptive:hybrid:8:32:1.0:muon,outputs/optimization_paper/averaging_curves_d12_s5_v1/native_seed3337/trajectories/lr040_wd065/result.json,3337,3000,lr040_wd065
1.0714924048211731,0.006401680842566122,3000.30517578125,0.00015774703175108762,256,final,-0.00015774703175108762,native,ema:0.95:16:4,outputs/optimization_paper/averaging_curves_d12_s5_v1/native_seed3337/trajectories/lr040_wd065/result.json,3337,3000,lr040_wd065
1.0715781182185897,0.006400896566262079,3000.30517578125,0.00024346042916767452,256,final,-0.00024346042916767452,native,group:muon:8:32,outputs/optimization_paper/averaging_curves_d12_s5_v1/native_seed3337/trajectories/lr040_wd065/result.json,3337,3000,lr040_wd065
1.071334657789422,0.006395694770475936,3000.30517578125,0.0,256,final,0.0,native,raw,outputs/optimization_paper/averaging_curves_d12_s5_v1/native_seed3337/trajectories/lr040_wd065/result.json,3337,3000,lr040_wd065
1.071470115755037,0.0064008271380612625,3000.30517578125,0.00013545796561498236,256,final,-0.00013545796561498236,native,uniform:4:16,outputs/optimization_paper/averaging_curves_d12_s5_v1/native_seed3337/trajectories/lr040_wd065/result.json,3337,3000,lr040_wd065
1.0719649391827506,0.00639945952281392,3000.30517578125,0.0006302813933285467,256,final,-0.0006302813933285467,native,uniform:8:32,outputs/optimization_paper/averaging_curves_d12_s5_v1/native_seed3337/trajectories/lr040_wd065/result.json,3337,3000,lr040_wd065
1.0704163473102795,0.006414387259127754,3000.30517578125,-0.0007098464758319434,256,final,0.0007098464758319434,native,adaptive:hybrid:8:32:1.0:all,outputs/optimization_paper/averaging_curves_d12_s5_v1/native_seed4337/trajectories/lr040_wd065/result.json,4337,3000,lr040_wd065
1.0704258446400727,0.006415601600862999,3000.30517578125,-0.0007003491460386702,256,final,0.0007003491460386702,native,adaptive:hybrid:8:32:1.0:muon,outputs/optimization_paper/averaging_curves_d12_s5_v1/native_seed4337/trajectories/lr040_wd065/result.json,4337,3000,lr040_wd065
1.0713214054509779,0.006417556038622802,3000.30517578125,0.00019521166486646813,256,final,-0.00019521166486646813,native,ema:0.95:16:4,outputs/optimization_paper/averaging_curves_d12_s5_v1/native_seed4337/trajectories/lr040_wd065/result.json,4337,3000,lr040_wd065
1.0715426134684316,0.006418748378775025,3000.30517578125,0.00041641968232020155,256,final,-0.00041641968232020155,native,group:muon:8:32,outputs/optimization_paper/averaging_curves_d12_s5_v1/native_seed4337/trajectories/lr040_wd065/result.json,4337,3000,lr040_wd065
1.0711261937861114,0.0064120881049384406,3000.30517578125,0.0,256,final,0.0,native,raw,outputs/optimization_paper/averaging_curves_d12_s5_v1/native_seed4337/trajectories/lr040_wd065/result.json,4337,3000,lr040_wd065
1.0712796909469122,0.006417163724048233,3000.30517578125,0.00015349716080081954,256,final,-0.00015349716080081954,native,uniform:4:16,outputs/optimization_paper/averaging_curves_d12_s5_v1/native_seed4337/trajectories/lr040_wd065/result.json,4337,3000,lr040_wd065
1.0718647861200146,0.006418428748727247,3000.30517578125,0.0007385923339031653,256,final,-0.0007385923339031653,native,uniform:8:32,outputs/optimization_paper/averaging_curves_d12_s5_v1/native_seed4337/trajectories/lr040_wd065/result.json,4337,3000,lr040_wd065
1.0708222120858757,0.006417167932593821,3000.30517578125,-0.0007324632128593578,256,final,0.0007324632128593578,native,adaptive:hybrid:8:32:1.0:all,outputs/optimization_paper/averaging_curves_d12_s5_v1/native_seed5337/trajectories/lr040_wd065/result.json,5337,3000,lr040_wd065
1.07079663465735,0.006415528146759854,3000.30517578125,-0.0007580406413849605,256,final,0.0007580406413849605,native,adaptive:hybrid:8:32:1.0:muon,outputs/optimization_paper/averaging_curves_d12_s5_v1/native_seed5337/trajectories/lr040_wd065/result.json,5337,3000,lr040_wd065
1.0717942545969383,0.006421940758495793,3000.30517578125,0.00023957929820328516,256,final,-0.00023957929820328516,native,ema:0.95:16:4,outputs/optimization_paper/averaging_curves_d12_s5_v1/native_seed5337/trajectories/lr040_wd065/result.json,5337,3000,lr040_wd065
1.0718642216288221,0.006419073342074841,3000.30517578125,0.00030954633008706267,256,final,-0.00030954633008706267,native,group:muon:8:32,outputs/optimization_paper/averaging_curves_d12_s5_v1/native_seed5337/trajectories/lr040_wd065/result.json,5337,3000,lr040_wd065
1.071554675298735,0.006411500043288068,3000.30517578125,0.0,256,final,0.0,native,raw,outputs/optimization_paper/averaging_curves_d12_s5_v1/native_seed5337/trajectories/lr040_wd065/result.json,5337,3000,lr040_wd065
1.0717375899432948,0.006418769824517161,3000.30517578125,0.0001829146445597729,256,final,-0.0001829146445597729,native,uniform:4:16,outputs/optimization_paper/averaging_curves_d12_s5_v1/native_seed5337/trajectories/lr040_wd065/result.json,5337,3000,lr040_wd065
1.0722032969060806,0.006419931900752571,3000.30517578125,0.0006486216073455786,256,final,-0.0006486216073455786,native,uniform:8:32,outputs/optimization_paper/averaging_curves_d12_s5_v1/native_seed5337/trajectories/lr040_wd065/result.json,5337,3000,lr040_wd065
1.1150675157624566,0.006426512043950472,3000.30517578125,-0.00013013847073484186,256,final,0.00013013847073484186,pure_adamw,adaptive:hybrid:8:32:1.0:all,outputs/optimization_paper/averaging_curves_d12_s5_v1/pure_adamw_seed1337/trajectories/lr040_wd065/result.json,1337,3000,lr040_wd065
1.1151976542331914,0.006425293326712223,3000.30517578125,0.0,256,final,0.0,pure_adamw,adaptive:hybrid:8:32:1.0:muon,outputs/optimization_paper/averaging_curves_d12_s5_v1/pure_adamw_seed1337/trajectories/lr040_wd065/result.json,1337,3000,lr040_wd065
1.1152960880757372,0.006431592604429526,3000.30517578125,9.843384254581977e-05,256,final,-9.843384254581977e-05,pure_adamw,ema:0.95:16:4,outputs/optimization_paper/averaging_curves_d12_s5_v1/pure_adamw_seed1337/trajectories/lr040_wd065/result.json,1337,3000,lr040_wd065
1.1151976542331914,0.006425293326712223,3000.30517578125,0.0,256,final,0.0,pure_adamw,group:muon:8:32,outputs/optimization_paper/averaging_curves_d12_s5_v1/pure_adamw_seed1337/trajectories/lr040_wd065/result.json,1337,3000,lr040_wd065
1.1151976542331914,0.006425293326712223,3000.30517578125,0.0,256,final,0.0,pure_adamw,raw,outputs/optimization_paper/averaging_curves_d12_s5_v1/pure_adamw_seed1337/trajectories/lr040_wd065/result.json,1337,3000,lr040_wd065
1.1152634041217007,0.006430892257687044,3000.30517578125,6.574988850927e-05,256,final,-6.574988850927e-05,pure_adamw,uniform:4:16,outputs/optimization_paper/averaging_curves_d12_s5_v1/pure_adamw_seed1337/trajectories/lr040_wd065/result.json,1337,3000,lr040_wd065
1.115948514357341,0.006428421821593572,3000.30517578125,0.0007508601241497104,256,final,-0.0007508601241497104,pure_adamw,uniform:8:32,outputs/optimization_paper/averaging_curves_d12_s5_v1/pure_adamw_seed1337/trajectories/lr040_wd065/result.json,1337,3000,lr040_wd065
1.1150675157624566,0.006426512043950472,3000.30517578125,-0.00013013847073484186,256,final,0.00013013847073484186,pure_adamw,adaptive:hybrid:8:32:1.0:all,outputs/optimization_paper/averaging_curves_d12_s5_v1/pure_adamw_seed2337/trajectories/lr040_wd065/result.json,2337,3000,lr040_wd065
1.1151976542331914,0.006425293326712223,3000.30517578125,0.0,256,final,0.0,pure_adamw,adaptive:hybrid:8:32:1.0:muon,outputs/optimization_paper/averaging_curves_d12_s5_v1/pure_adamw_seed2337/trajectories/lr040_wd065/result.json,2337,3000,lr040_wd065
1.1152960880757372,0.006431592604429526,3000.30517578125,9.843384254581977e-05,256,final,-9.843384254581977e-05,pure_adamw,ema:0.95:16:4,outputs/optimization_paper/averaging_curves_d12_s5_v1/pure_adamw_seed2337/trajectories/lr040_wd065/result.json,2337,3000,lr040_wd065
1.1151976542331914,0.006425293326712223,3000.30517578125,0.0,256,final,0.0,pure_adamw,group:muon:8:32,outputs/optimization_paper/averaging_curves_d12_s5_v1/pure_adamw_seed2337/trajectories/lr040_wd065/result.json,2337,3000,lr040_wd065
1.1151976542331914,0.006425293326712223,3000.30517578125,0.0,256,final,0.0,pure_adamw,raw,outputs/optimization_paper/averaging_curves_d12_s5_v1/pure_adamw_seed2337/trajectories/lr040_wd065/result.json,2337,3000,lr040_wd065
1.1152634041217007,0.006430892257687044,3000.30517578125,6.574988850927e-05,256,final,-6.574988850927e-05,pure_adamw,uniform:4:16,outputs/optimization_paper/averaging_curves_d12_s5_v1/pure_adamw_seed2337/trajectories/lr040_wd065/result.json,2337,3000,lr040_wd065
1.115948514357341,0.006428421821593572,3000.30517578125,0.0007508601241497104,256,final,-0.0007508601241497104,pure_adamw,uniform:8:32,outputs/optimization_paper/averaging_curves_d12_s5_v1/pure_adamw_seed2337/trajectories/lr040_wd065/result.json,2337,3000,lr040_wd065
1.1150675157624566,0.006426512043950472,3000.30517578125,-0.00013013847073484186,256,final,0.00013013847073484186,pure_adamw,adaptive:hybrid:8:32:1.0:all,outputs/optimization_paper/averaging_curves_d12_s5_v1/pure_adamw_seed3337/trajectories/lr040_wd065/result.json,3337,3000,lr040_wd065
1.1151976542331914,0.006425293326712223,3000.30517578125,0.0,256,final,0.0,pure_adamw,adaptive:hybrid:8:32:1.0:muon,outputs/optimization_paper/averaging_curves_d12_s5_v1/pure_adamw_seed3337/trajectories/lr040_wd065/result.json,3337,3000,lr040_wd065
1.1152960880757372,0.006431592604429526,3000.30517578125,9.843384254581977e-05,256,final,-9.843384254581977e-05,pure_adamw,ema:0.95:16:4,outputs/optimization_paper/averaging_curves_d12_s5_v1/pure_adamw_seed3337/trajectories/lr040_wd065/result.json,3337,3000,lr040_wd065
1.1151976542331914,0.006425293326712223,3000.30517578125,0.0,256,final,0.0,pure_adamw,group:muon:8:32,outputs/optimization_paper/averaging_curves_d12_s5_v1/pure_adamw_seed3337/trajectories/lr040_wd065/result.json,3337,3000,lr040_wd065
1.1151976542331914,0.006425293326712223,3000.30517578125,0.0,256,final,0.0,pure_adamw,raw,outputs/optimization_paper/averaging_curves_d12_s5_v1/pure_adamw_seed3337/trajectories/lr040_wd065/result.json,3337,3000,lr040_wd065
1.1152634041217007,0.006430892257687044,3000.30517578125,6.574988850927e-05,256,final,-6.574988850927e-05,pure_adamw,uniform:4:16,outputs/optimization_paper/averaging_curves_d12_s5_v1/pure_adamw_seed3337/trajectories/lr040_wd065/result.json,3337,3000,lr040_wd065
1.115948514357341,0.006428421821593572,3000.30517578125,0.0007508601241497104,256,final,-0.0007508601241497104,pure_adamw,uniform:8:32,outputs/optimization_paper/averaging_curves_d12_s5_v1/pure_adamw_seed3337/trajectories/lr040_wd065/result.json,3337,3000,lr040_wd065
1.1150675157624566,0.006426512043950472,3000.30517578125,-0.00013013847073484186,256,final,0.00013013847073484186,pure_adamw,adaptive:hybrid:8:32:1.0:all,outputs/optimization_paper/averaging_curves_d12_s5_v1/pure_adamw_seed4337/trajectories/lr040_wd065/result.json,4337,3000,lr040_wd065
1.1151976542331914,0.006425293326712223,3000.30517578125,0.0,256,final,0.0,pure_adamw,adaptive:hybrid:8:32:1.0:muon,outputs/optimization_paper/averaging_curves_d12_s5_v1/pure_adamw_seed4337/trajectories/lr040_wd065/result.json,4337,3000,lr040_wd065
1.1152960880757372,0.006431592604429526,3000.30517578125,9.843384254581977e-05,256,final,-9.843384254581977e-05,pure_adamw,ema:0.95:16:4,outputs/optimization_paper/averaging_curves_d12_s5_v1/pure_adamw_seed4337/trajectories/lr040_wd065/result.json,4337,3000,lr040_wd065
1.1151976542331914,0.006425293326712223,3000.30517578125,0.0,256,final,0.0,pure_adamw,group:muon:8:32,outputs/optimization_paper/averaging_curves_d12_s5_v1/pure_adamw_seed4337/trajectories/lr040_wd065/result.json,4337,3000,lr040_wd065
1.1151976542331914,0.006425293326712223,3000.30517578125,0.0,256,final,0.0,pure_adamw,raw,outputs/optimization_paper/averaging_curves_d12_s5_v1/pure_adamw_seed4337/trajectories/lr040_wd065/result.json,4337,3000,lr040_wd065
1.1152634041217007,0.006430892257687044,3000.30517578125,6.574988850927e-05,256,final,-6.574988850927e-05,pure_adamw,uniform:4:16,outputs/optimization_paper/averaging_curves_d12_s5_v1/pure_adamw_seed4337/trajectories/lr040_wd065/result.json,4337,3000,lr040_wd065
1.115948514357341,0.006428421821593572,3000.30517578125,0.0007508601241497104,256,final,-0.0007508601241497104,pure_adamw,uniform:8:32,outputs/optimization_paper/averaging_curves_d12_s5_v1/pure_adamw_seed4337/trajectories/lr040_wd065/result.json,4337,3000,lr040_wd065
1.1150675157624566,0.006426512043950472,3000.30517578125,-0.00013013847073484186,256,final,0.00013013847073484186,pure_adamw,adaptive:hybrid:8:32:1.0:all,outputs/optimization_paper/averaging_curves_d12_s5_v1/pure_adamw_seed5337/trajectories/lr040_wd065/result.json,5337,3000,lr040_wd065
1.1151976542331914,0.006425293326712223,3000.30517578125,0.0,256,final,0.0,pure_adamw,adaptive:hybrid:8:32:1.0:muon,outputs/optimization_paper/averaging_curves_d12_s5_v1/pure_adamw_seed5337/trajectories/lr040_wd065/result.json,5337,3000,lr040_wd065
1.1152960880757372,0.006431592604429526,3000.30517578125,9.843384254581977e-05,256,final,-9.843384254581977e-05,pure_adamw,ema:0.95:16:4,outputs/optimization_paper/averaging_curves_d12_s5_v1/pure_adamw_seed5337/trajectories/lr040_wd065/result.json,5337,3000,lr040_wd065
1.1151976542331914,0.006425293326712223,3000.30517578125,0.0,256,final,0.0,pure_adamw,group:muon:8:32,outputs/optimization_paper/averaging_curves_d12_s5_v1/pure_adamw_seed5337/trajectories/lr040_wd065/result.json,5337,3000,lr040_wd065
1.1151976542331914,0.006425293326712223,3000.30517578125,0.0,256,final,0.0,pure_adamw,raw,outputs/optimization_paper/averaging_curves_d12_s5_v1/pure_adamw_seed5337/trajectories/lr040_wd065/result.json,5337,3000,lr040_wd065
1.1152634041217007,0.006430892257687044,3000.30517578125,6.574988850927e-05,256,final,-6.574988850927e-05,pure_adamw,uniform:4:16,outputs/optimization_paper/averaging_curves_d12_s5_v1/pure_adamw_seed5337/trajectories/lr040_wd065/result.json,5337,3000,lr040_wd065
1.115948514357341,0.006428421821593572,3000.30517578125,0.0007508601241497104,256,final,-0.0007508601241497104,pure_adamw,uniform:8:32,outputs/optimization_paper/averaging_curves_d12_s5_v1/pure_adamw_seed5337/trajectories/lr040_wd065/result.json,5337,3000,lr040_wd065
