recipe,method,k,spacing,n,mean,ci95_halfwidth,ci95_low,ci95_high,positive_count
tsa:k16:s16:a0.550,TSA,16,16,5,0.00210652283894186,0.00020223184185227825,0.0019042909970895818,0.002308754680794138,5
tsa:k16:s32:a0.550,TSA,16,32,5,0.0023631348830267297,0.00020733062710336743,0.0021558042559233622,0.002570465510130097,5
tsa:k16:s64:a0.550,TSA,16,64,5,0.0013338570466721045,0.00043803965919875476,0.0008958173874733498,0.0017718967058708592,5
tsa:k4:s16:a0.550,TSA,4,16,5,0.001251739308819344,8.713798185537453e-05,0.0011646013269639695,0.0013388772906747185,5
tsa:k4:s32:a0.550,TSA,4,32,5,0.0017786509351476187,0.00010652943263982901,0.0016721215025077897,0.0018851803677874478,5
tsa:k4:s64:a0.550,TSA,4,64,5,0.0019055065711405916,0.00014904535730694217,0.0017564612138336495,0.0020545519284475336,5
tsa:k8:s16:a0.550,TSA,8,16,5,0.001870934553375525,0.00012382489518446364,0.0017471096581910613,0.0019947594485599887,5
tsa:k8:s32:a0.550,TSA,8,32,5,0.0020695033984066136,0.0002047607310571848,0.0018647426673494287,0.0022742641294637984,5
tsa:k8:s64:a0.550,TSA,8,64,5,0.0022754651822207705,0.0001556248264928455,0.002119840355727925,0.002431090008713616,5
