floor,eval_kind,recipe,method,alpha,bpb,bpb_se,paired_delta_vs_raw,paired_se_vs_raw,mean_alpha_by_numel
0.05,alpha_select,raw,Raw iterate,0.0,1.1001473879063954,0.011845790180711835,,,
0.05,alpha_select,tsa:0.100,TSA alpha=0.10,0.1,1.0997751574596746,0.011849052258396556,-0.00037223044672076225,2.6015501317102855e-05,
0.05,alpha_select,tsa:0.200,TSA alpha=0.20,0.2,1.099524157633917,0.011848222790684596,-0.0006232302724784693,4.063068030849917e-05,
0.05,alpha_select,tsa:0.300,TSA alpha=0.30,0.3,1.0993559831856232,0.011850992814788104,-0.0007914047207722066,5.539434236769126e-05,
0.05,alpha_select,tsa:0.400,TSA alpha=0.40,0.4,1.0992877082140124,0.011849789198683963,-0.000859679692383054,7.179941708157726e-05,
0.05,alpha_select,tsa:0.500,TSA alpha=0.50,0.5,1.0993386910596066,0.011852174624661765,-0.0008086968467888016,8.876936990380556e-05,
0.05,alpha_select,tsa:0.550,TSA alpha=0.55,0.55,1.0993957322005956,0.011854931595901348,-0.0007516557057999796,9.718485210097474e-05,
0.05,alpha_select,tsa:0.600,TSA alpha=0.60,0.6,1.0994735581976296,0.011855961374221652,-0.000673829708765835,0.00010696286382725217,
0.05,alpha_select,tsa:0.650,TSA alpha=0.65,0.65,1.0995367218439154,0.011858150479297055,-0.0006106660624799875,0.00011468231728927603,
0.05,alpha_select,tsa:0.700,TSA alpha=0.70,0.7,1.0996852066910452,0.011862585167862571,-0.000462181215350254,0.00012345933398801465,
0.05,alpha_select,tsa:0.750,TSA alpha=0.75,0.75,1.0998188794661083,0.011858547627779782,-0.0003285084402869943,0.00013134543340239448,
0.05,alpha_select,tsa:0.800,TSA alpha=0.80,0.8,1.0999945887670917,0.011861639218548862,-0.0001527991393035881,0.00014143015882775762,
0.05,alpha_select,tsa:0.900,TSA alpha=0.90,0.9,1.1003429148044779,0.011866511856032975,0.00019552689808252297,0.00015686918243633106,
0.05,alpha_select,tsa:1.000,Uniform LAWA,1.0,1.100837984501137,0.011870442755889762,0.0006905965947413585,0.0001737633636496821,
0.05,alpha_select,ema:0.95:16:16,Checkpoint EMA,nan,1.100498245092211,0.011869708818251359,0.00035085718581543725,0.0001627699568180223,
0.05,alpha_select,swastyle:32:16,SWA-style late average,nan,1.1022416372108905,0.011908207800225253,0.0020942493044951074,0.00024533787332790233,
0.05,alpha_select,adaptive:hybrid:8:32:1.0:all,Tensorwise adaptive TSA,0.5868601411584092,1.099433683032013,0.011854206081813975,-0.0007137048743825446,9.706961335593869e-05,0.5868601411584092
0.05,floor_select,raw,Raw iterate,0.0,1.0692841958360342,0.01309888308949283,,,
0.05,floor_select,tsa:0.100,TSA alpha=0.10,0.1,1.0689405195425037,0.013100176255403917,-0.0003436762935303001,2.612256226307544e-05,
0.05,floor_select,tsa:0.200,TSA alpha=0.20,0.2,1.0687027117757717,0.01309799435629825,-0.000581484060262363,3.8559393871193494e-05,
0.05,floor_select,tsa:0.300,TSA alpha=0.30,0.3,1.068494773364396,0.013094759209037913,-0.0007894224716382143,5.1768195833623335e-05,
0.05,floor_select,tsa:0.400,TSA alpha=0.40,0.4,1.0684420237810757,0.013093444955269836,-0.0008421720549585,6.506680622055709e-05,
0.05,floor_select,tsa:0.500,TSA alpha=0.50,0.5,1.068478919058131,0.013091541979267637,-0.0008052767779031279,7.538921318295659e-05,
0.05,floor_select,tsa:0.550,TSA alpha=0.55,0.55,1.0685233015226188,0.013091020948796337,-0.0007608943134152675,8.26386011935322e-05,
0.05,floor_select,tsa:0.600,TSA alpha=0.60,0.6,1.0686058518641506,0.013092477336841362,-0.0006783439718836652,9.028862243528424e-05,
0.05,floor_select,tsa:0.650,TSA alpha=0.65,0.65,1.0687050234764799,0.013094417838157726,-0.0005791723595542173,9.68021532827668e-05,
0.05,floor_select,tsa:0.700,TSA alpha=0.70,0.7,1.06882528550394,0.013091940674397024,-0.0004589103320942686,0.00010450731641430895,
0.05,floor_select,tsa:0.750,TSA alpha=0.75,0.75,1.0689619382054212,0.01309522271907976,-0.00032225763061287556,0.00011426573087697074,
0.05,floor_select,tsa:0.800,TSA alpha=0.80,0.8,1.0691202776392723,0.01309294145145486,-0.00016391819676174826,0.00011889618614705447,
0.05,floor_select,tsa:0.900,TSA alpha=0.90,0.9,1.0695148001772776,0.013091686968378962,0.00023060434124346808,0.0001340836384018879,
0.05,floor_select,tsa:1.000,Uniform LAWA,1.0,1.0699964522370862,0.01308967405323947,0.0007122564010522397,0.00014641642646038774,
0.05,floor_select,ema:0.95:16:16,Checkpoint EMA,nan,1.0696181948050087,0.013088689224478933,0.0003339989689744808,0.0001402234913458298,
0.05,floor_select,swastyle:32:16,SWA-style late average,nan,1.0711313966082385,0.013105075294712054,0.001847200772204424,0.00023144385053657293,
0.05,floor_select,adaptive:hybrid:8:32:1.0:all,Tensorwise adaptive TSA,0.5868601411584092,1.0685623682347434,0.013094725470541725,-0.0007218276012906436,8.338257170509048e-05,0.5868601411584092
0.05,holdout,raw,Raw iterate,0.0,1.055376600281331,0.01070293094517163,,,
0.05,holdout,tsa:0.100,TSA alpha=0.10,0.1,1.0550061578439867,0.01070152489821065,-0.00037044243734424043,2.0245089446034235e-05,
0.05,holdout,tsa:0.200,TSA alpha=0.20,0.2,1.0547557019651344,0.010703809284946634,-0.0006208983161967221,3.2130288894336e-05,
0.05,holdout,tsa:0.300,TSA alpha=0.30,0.3,1.0545826878226177,0.01070074257936017,-0.0007939124587134314,4.2772838440563346e-05,
0.05,holdout,tsa:0.400,TSA alpha=0.40,0.4,1.0544960390307663,0.010700696091499321,-0.0008805612505647237,5.689614346359299e-05,
0.05,holdout,tsa:0.500,TSA alpha=0.50,0.5,1.0544985487425385,0.01069788509097801,-0.0008780515387926449,6.981320773053517e-05,
0.05,holdout,tsa:0.550,TSA alpha=0.55,0.55,1.0545415120967967,0.010697128826027026,-0.000835088184534537,7.839937066985574e-05,
0.05,holdout,tsa:0.600,TSA alpha=0.60,0.6,1.0546219447967597,0.010697779064144534,-0.0007546554845713251,8.439291192209891e-05,
0.05,holdout,tsa:0.650,TSA alpha=0.65,0.65,1.0547133633000418,0.010697682802222512,-0.0006632369812894281,9.065644931230002e-05,
0.05,holdout,tsa:0.700,TSA alpha=0.70,0.7,1.054806091739776,0.010695357234806179,-0.0005705085415550435,9.982653465246735e-05,
0.05,holdout,tsa:0.750,TSA alpha=0.75,0.75,1.0549452640093977,0.010697434345676493,-0.00043133627193336563,0.00010524181636751656,
0.05,holdout,tsa:0.800,TSA alpha=0.80,0.8,1.0550910587714037,0.010696126266089793,-0.00028554150992727315,0.0001133194002908613,
0.05,holdout,tsa:0.900,TSA alpha=0.90,0.9,1.0554425607846076,0.010693606820952531,6.596050327656079e-05,0.00012568263806841322,
0.05,holdout,tsa:1.000,Uniform LAWA,1.0,1.0558816074885804,0.01069352069474563,0.000505007207249171,0.000140903477205752,
0.05,holdout,ema:0.95:16:16,Checkpoint EMA,nan,1.0555227864754224,0.010696335818919664,0.00014618619409120792,0.00013216602714362637,
0.05,holdout,swastyle:32:16,SWA-style late average,nan,1.0571505212600945,0.010692588174103826,0.0017739209787634123,0.00018376726682802622,
0.05,holdout,adaptive:hybrid:8:32:1.0:all,Tensorwise adaptive TSA,0.5868601411584092,1.0546076011399057,0.01069698734122651,-0.0007689991414255096,7.805516934223798e-05,0.5868601411584092
0.1,alpha_select,raw,Raw iterate,0.0,1.1015680334264375,0.011848268389641226,,,
0.1,alpha_select,tsa:0.100,TSA alpha=0.10,0.1,1.1008444298132543,0.011851705277250211,-0.0007236036131833632,2.226404475512622e-05,
0.1,alpha_select,tsa:0.200,TSA alpha=0.20,0.2,1.1002892819986225,0.011856065231735748,-0.00127875142781508,4.0785552519943816e-05,
0.1,alpha_select,tsa:0.300,TSA alpha=0.30,0.3,1.0997972506346056,0.011856199769977652,-0.0017707827918319978,6.826340811215625e-05,
0.1,alpha_select,tsa:0.400,TSA alpha=0.40,0.4,1.099543444534284,0.011864889978593529,-0.0020245888921535133,8.917966869461579e-05,
0.1,alpha_select,tsa:0.500,TSA alpha=0.50,0.5,1.0994174351719534,0.0118719105535241,-0.0021505982544838768,0.00010811816887416839,
0.1,alpha_select,tsa:0.550,TSA alpha=0.55,0.55,1.099402977872616,0.011873198996614834,-0.0021650555538214513,0.00011627424731977626,
0.1,alpha_select,tsa:0.600,TSA alpha=0.60,0.6,1.0994186105466366,0.011874159573336844,-0.002149422879800989,0.00012915876262851745,
0.1,alpha_select,tsa:0.650,TSA alpha=0.65,0.65,1.0994665812131539,0.011879588612188123,-0.002101452213283641,0.00013947373981596374,
0.1,alpha_select,tsa:0.700,TSA alpha=0.70,0.7,1.0995410043161697,0.01187931501387881,-0.0020270291102679368,0.0001471520507372707,
0.1,alpha_select,tsa:0.750,TSA alpha=0.75,0.75,1.0996873052015177,0.011883109759985506,-0.0018807282249199558,0.00016112438456452398,
0.1,alpha_select,tsa:0.800,TSA alpha=0.80,0.8,1.0998410643846963,0.011885017422332318,-0.0017269690417413379,0.00016834976955718044,
0.1,alpha_select,tsa:0.900,TSA alpha=0.90,0.9,1.1002496221707638,0.011890078846780505,-0.0013184112556736509,0.00018585446608035522,
0.1,alpha_select,tsa:1.000,Uniform LAWA,1.0,1.1007799651082144,0.011895220711165345,-0.0007880683182229335,0.0002020734330489084,
0.1,alpha_select,ema:0.95:16:16,Checkpoint EMA,nan,1.1003900174127286,0.011897067726981136,-0.0011780160137087464,0.00019707290701632802,
0.1,alpha_select,swastyle:32:16,SWA-style late average,nan,1.1023911822096966,0.01192267475680425,0.000823148783258983,0.0002862516123913672,
0.1,alpha_select,adaptive:hybrid:8:32:1.0:all,Tensorwise adaptive TSA,0.5864739920488892,1.099483780251571,0.011872574631281907,-0.0020842531748665617,0.0001142502270043007,0.5864739920488892
0.1,floor_select,raw,Raw iterate,0.0,1.0702239792575172,0.013113480830167674,,,
0.1,floor_select,tsa:0.100,TSA alpha=0.10,0.1,1.069496193233721,0.013116959056930035,-0.0007277860237963792,3.0456625196098465e-05,
0.1,floor_select,tsa:0.200,TSA alpha=0.20,0.2,1.0688842662641778,0.013115209182379876,-0.0013397129933397523,4.578434805083862e-05,
0.1,floor_select,tsa:0.300,TSA alpha=0.30,0.3,1.0683940882611975,0.01310916994612263,-0.001829890996319774,6.876411753536597e-05,
0.1,floor_select,tsa:0.400,TSA alpha=0.40,0.4,1.068105257758046,0.013108246433760358,-0.0021187214994710345,8.794457172093902e-05,
0.1,floor_select,tsa:0.500,TSA alpha=0.50,0.5,1.0679727205337661,0.013109503108830436,-0.0022512587237511015,0.00010957665099453444,
0.1,floor_select,tsa:0.550,TSA alpha=0.55,0.55,1.0679215672407518,0.013109275990145008,-0.002302412016765603,0.00012065328746390607,
0.1,floor_select,tsa:0.600,TSA alpha=0.60,0.6,1.0679608421129418,0.013111475347655588,-0.0022631371445755565,0.0001303340659093328,
0.1,floor_select,tsa:0.650,TSA alpha=0.65,0.65,1.0680120516611216,0.013111824424741344,-0.0022119275963957893,0.00014349042286085746,
0.1,floor_select,tsa:0.700,TSA alpha=0.70,0.7,1.068099396380356,0.013107296308544613,-0.002124582877161366,0.00015157183323637283,
0.1,floor_select,tsa:0.750,TSA alpha=0.75,0.75,1.0681889355972833,0.013110656832466235,-0.0020350436602340795,0.00016217925254177464,
0.1,floor_select,tsa:0.800,TSA alpha=0.80,0.8,1.0683520550770067,0.013107201078790666,-0.0018719241805106764,0.00017081256344438054,
0.1,floor_select,tsa:0.900,TSA alpha=0.90,0.9,1.0687615510341404,0.013109666915514908,-0.0014624282233770113,0.0001924918155303362,
0.1,floor_select,tsa:1.000,Uniform LAWA,1.0,1.0693137330997395,0.013112050570047235,-0.0009102461577777683,0.00021487279325772975,
0.1,floor_select,ema:0.95:16:16,Checkpoint EMA,nan,1.0689054269751952,0.013110721524808862,-0.0013185522823220205,0.00020846166579938002,
0.1,floor_select,swastyle:32:16,SWA-style late average,nan,1.0706532835962383,0.013131070259841197,0.0004293043387208883,0.00029168416290212344,
0.1,floor_select,adaptive:hybrid:8:32:1.0:all,Tensorwise adaptive TSA,0.5864739920488892,1.0680314595581244,0.013107231797863205,-0.002192519699392945,0.00011688332990752298,0.5864739920488892
0.1,holdout,raw,Raw iterate,0.0,1.0565213657581267,0.010758711088286315,,,
0.1,holdout,tsa:0.100,TSA alpha=0.10,0.1,1.0557724734221616,0.010758571800103147,-0.0007488923359650068,2.3178741900520395e-05,
0.1,holdout,tsa:0.200,TSA alpha=0.20,0.2,1.055175683946031,0.010756154779373864,-0.001345681812095997,4.0927999395385706e-05,
0.1,holdout,tsa:0.300,TSA alpha=0.30,0.3,1.0546568348001257,0.010750269881518284,-0.0018645309580008404,6.181533397993292e-05,
0.1,holdout,tsa:0.400,TSA alpha=0.40,0.4,1.0543831287251646,0.010749603723666361,-0.002138237032962252,8.008430345216872e-05,
0.1,holdout,tsa:0.500,TSA alpha=0.50,0.5,1.0542480325884127,0.01074996846046714,-0.0022733331697140854,9.88363747831906e-05,
0.1,holdout,tsa:0.550,TSA alpha=0.55,0.55,1.054233627920704,0.010748307863561717,-0.0022877378374225924,0.00010875682703464136,
0.1,holdout,tsa:0.600,TSA alpha=0.60,0.6,1.0542402788504701,0.010746830144533832,-0.0022810869076566507,0.00011683646956574399,
0.1,holdout,tsa:0.650,TSA alpha=0.65,0.65,1.0542900758416047,0.010746805832522816,-0.0022312899165220974,0.00012611774820019226,
0.1,holdout,tsa:0.700,TSA alpha=0.70,0.7,1.0543558501496264,0.01074758987558511,-0.002165515608500325,0.00013422470615650996,
0.1,holdout,tsa:0.750,TSA alpha=0.75,0.75,1.0544780784944525,0.010745893055450501,-0.002043287263674382,0.00014467996741449252,
0.1,holdout,tsa:0.800,TSA alpha=0.80,0.8,1.0546088030149185,0.010746244938947744,-0.0019125627432080735,0.00015360204246977658,
0.1,holdout,tsa:0.900,TSA alpha=0.90,0.9,1.0550199920762415,0.010746612692913854,-0.0015013736818852892,0.00017203072302754093,
0.1,holdout,tsa:1.000,Uniform LAWA,1.0,1.0555559108281305,0.010745530945529507,-0.000965454929996287,0.00018837746696354456,
0.1,holdout,ema:0.95:16:16,Checkpoint EMA,nan,1.0551433900347824,0.010747544215710824,-0.0013779757233442675,0.00017959076234748175,
0.1,holdout,swastyle:32:16,SWA-style late average,nan,1.0569946276920608,0.010736111147734977,0.00047326193393423924,0.00021786772252245767,
0.1,holdout,adaptive:hybrid:8:32:1.0:all,Tensorwise adaptive TSA,0.5864739920488892,1.054287233256983,0.010748503203238927,-0.002234132501143763,0.0001048238788350883,0.5864739920488892
0.125,alpha_select,raw,Raw iterate,0.0,1.102549088937001,0.011859416021654516,,,
0.125,alpha_select,tsa:0.100,TSA alpha=0.10,0.1,1.1016056911084369,0.01185928447671781,-0.0009433978285638533,2.9456606688767628e-05,
0.125,alpha_select,tsa:0.200,TSA alpha=0.20,0.2,1.1006645646038997,0.011861040234054421,-0.0018845243331012344,4.958177693638572e-05,
0.125,alpha_select,tsa:0.300,TSA alpha=0.30,0.3,1.099855775532632,0.011861401415213912,-0.0026933134043688987,7.51665075404494e-05,
0.125,alpha_select,tsa:0.400,TSA alpha=0.40,0.4,1.0993403067135934,0.011862566004985427,-0.003208782223407654,9.771421780118099e-05,
0.125,alpha_select,tsa:0.500,TSA alpha=0.50,0.5,1.0989744887080763,0.011866423483984262,-0.0035746002289245276,0.00012206527549257074,
0.125,alpha_select,tsa:0.550,TSA alpha=0.55,0.55,1.0988885466091514,0.011866558834276118,-0.0036605423278495627,0.00013334151445945844,
0.125,alpha_select,tsa:0.600,TSA alpha=0.60,0.6,1.098821838627369,0.011866761793264055,-0.0037272503096318493,0.0001463576949395136,
0.125,alpha_select,tsa:0.650,TSA alpha=0.65,0.65,1.0988220693877788,0.011868712404982792,-0.0037270195492222057,0.00015734074907255917,
0.125,alpha_select,tsa:0.700,TSA alpha=0.70,0.7,1.0988605655209527,0.011866171859729468,-0.0036885234160482123,0.00017005827617279628,
0.125,alpha_select,tsa:0.750,TSA alpha=0.75,0.75,1.098939653140556,0.011867996422348741,-0.003609435796445003,0.00017968540943580155,
0.125,alpha_select,tsa:0.800,TSA alpha=0.80,0.8,1.0990418187029118,0.011871091203727282,-0.003507270234088932,0.0001919939603567454,
0.125,alpha_select,tsa:0.900,TSA alpha=0.90,0.9,1.0994367125264357,0.011874388647979852,-0.003112376410565049,0.00021176103082689267,
0.125,alpha_select,tsa:1.000,Uniform LAWA,1.0,1.0999677365717828,0.011879416145581648,-0.0025813523652179985,0.0002386154302691028,
0.125,alpha_select,ema:0.95:16:16,Checkpoint EMA,nan,1.0995986474498678,0.011873594598931116,-0.002950441487133226,0.00022129997914241894,
0.125,alpha_select,swastyle:32:16,SWA-style late average,nan,1.1018210740411911,0.011890694484662373,-0.0007280148958097206,0.0002952807518499948,
0.125,alpha_select,adaptive:hybrid:8:32:1.0:all,Tensorwise adaptive TSA,0.5866579820201219,1.0989914273419084,0.011867925170287168,-0.0035576615950924755,0.00012689779483944475,0.5866579820201219
0.125,floor_select,raw,Raw iterate,0.0,1.0717427309045104,0.013122010870089802,,,
0.125,floor_select,tsa:0.100,TSA alpha=0.10,0.1,1.0707637729182196,0.013128608234391274,-0.000978957986290968,3.7206938853725505e-05,
0.125,floor_select,tsa:0.200,TSA alpha=0.20,0.2,1.0698624478471208,0.013125956189958233,-0.001880283057389586,5.8259441049247924e-05,
0.125,floor_select,tsa:0.300,TSA alpha=0.30,0.3,1.069058354716025,0.013118112582622143,-0.00268437618848515,7.941055718171814e-05,
0.125,floor_select,tsa:0.400,TSA alpha=0.40,0.4,1.0685654152365294,0.013113995652414502,-0.003177315667981106,0.00010082592532803258,
0.125,floor_select,tsa:0.500,TSA alpha=0.50,0.5,1.0682295950784133,0.013114538342265492,-0.0035131358260971773,0.00011990740799568649,
0.125,floor_select,tsa:0.550,TSA alpha=0.55,0.55,1.068154373447818,0.013113298525548421,-0.003588357456692214,0.00013486687861375345,
0.125,floor_select,tsa:0.600,TSA alpha=0.60,0.6,1.0680799557297431,0.0131122756683348,-0.003662775174767126,0.0001444967869834442,
0.125,floor_select,tsa:0.650,TSA alpha=0.65,0.65,1.068076672085709,0.013111580542354643,-0.003666058818801436,0.00015908232903241574,
0.125,floor_select,tsa:0.700,TSA alpha=0.70,0.7,1.0681131025931294,0.013110318008471799,-0.003629628311380759,0.0001723942834827239,
0.125,floor_select,tsa:0.750,TSA alpha=0.75,0.75,1.068220305853644,0.013109229031573895,-0.003522425050866333,0.0001841055352730719,
0.125,floor_select,tsa:0.800,TSA alpha=0.80,0.8,1.0683295225631217,0.013109124569970836,-0.0034132083413885954,0.00019482499125390566,
0.125,floor_select,tsa:0.900,TSA alpha=0.90,0.9,1.06874380210783,0.013106669817491645,-0.002998928796680631,0.00021576510968227745,
0.125,floor_select,tsa:1.000,Uniform LAWA,1.0,1.0693004644557398,0.013105678232534787,-0.0024422664487704134,0.00024346504286884067,
0.125,floor_select,ema:0.95:16:16,Checkpoint EMA,nan,1.068908810084478,0.013102661849784106,-0.0028339208200324293,0.00023225311283948548,
0.125,floor_select,swastyle:32:16,SWA-style late average,nan,1.0709888726123071,0.01311800634331827,-0.0007538582922034711,0.0003342424327198072,
0.125,floor_select,adaptive:hybrid:8:32:1.0:all,Tensorwise adaptive TSA,0.5866579820201219,1.0682232133022218,0.013110321834558774,-0.003519517602288481,0.0001337295606505876,0.5866579820201219
0.125,holdout,raw,Raw iterate,0.0,1.0580652161857536,0.010748521711687595,,,
0.125,holdout,tsa:0.100,TSA alpha=0.10,0.1,1.0571405990676173,0.01075276303168482,-0.0009246171181362754,3.656047785943944e-05,
0.125,holdout,tsa:0.200,TSA alpha=0.20,0.2,1.0562107645537802,0.010751062985735478,-0.0018544516319735256,5.1810527796515084e-05,
0.125,holdout,tsa:0.300,TSA alpha=0.30,0.3,1.055419607787693,0.010747640397436649,-0.002645608398060474,6.933835224822234e-05,
0.125,holdout,tsa:0.400,TSA alpha=0.40,0.4,1.0548838433653693,0.010744739550786192,-0.003181372820384356,8.743957278958799e-05,
0.125,holdout,tsa:0.500,TSA alpha=0.50,0.5,1.0545560785911359,0.010743143847178706,-0.0035091375946177,0.00010848749288185852,
0.125,holdout,tsa:0.550,TSA alpha=0.55,0.55,1.054447949243473,0.010741982835610925,-0.0036172669422806143,0.00011906952415261815,
0.125,holdout,tsa:0.600,TSA alpha=0.60,0.6,1.0544060692901442,0.010742658133058667,-0.0036591468956093144,0.0001270762748003854,
0.125,holdout,tsa:0.650,TSA alpha=0.65,0.65,1.054406983094191,0.010742414002826316,-0.0036582330915628076,0.00013817541676636972,
0.125,holdout,tsa:0.700,TSA alpha=0.70,0.7,1.0544326626970104,0.010739754975817395,-0.0036325534887430623,0.00014999699186416578,
0.125,holdout,tsa:0.750,TSA alpha=0.75,0.75,1.0545158202254268,0.010739352855774351,-0.0035493959603267572,0.0001589298039252531,
0.125,holdout,tsa:0.800,TSA alpha=0.80,0.8,1.0546441660194457,0.010738452469005082,-0.003421050166307981,0.00016904078256068877,
0.125,holdout,tsa:0.900,TSA alpha=0.90,0.9,1.0550232299928004,0.010739373791132928,-0.0030419861929530515,0.0001875734826052791,
0.125,holdout,tsa:1.000,Uniform LAWA,1.0,1.0555913324641113,0.010738853694043426,-0.0024738837216425184,0.00020765211978100096,
0.125,holdout,ema:0.95:16:16,Checkpoint EMA,nan,1.0551508549375337,0.010742135143784434,-0.002914361248219876,0.00020392337206767697,
0.125,holdout,swastyle:32:16,SWA-style late average,nan,1.0573597489829032,0.010745376085194188,-0.0007054672028504958,0.0002399328406347971,
0.125,holdout,adaptive:hybrid:8:32:1.0:all,Tensorwise adaptive TSA,0.5866579820201219,1.054574042038499,0.010743354767334382,-0.003491174147254583,0.00011607665817858808,0.5866579820201219
0.15,alpha_select,raw,Raw iterate,0.0,1.1047098339714956,0.011820977929220286,,,
0.15,alpha_select,tsa:0.100,TSA alpha=0.10,0.1,1.103206613996178,0.011826400772600533,-0.0015032199753174762,3.272617282078285e-05,
0.15,alpha_select,tsa:0.200,TSA alpha=0.20,0.2,1.1019543578904338,0.01182984836163309,-0.002755476081061893,5.976208090675139e-05,
0.15,alpha_select,tsa:0.300,TSA alpha=0.30,0.3,1.1009220564604172,0.011829877611049287,-0.0037877775110784946,8.485119487885878e-05,
0.15,alpha_select,tsa:0.400,TSA alpha=0.40,0.4,1.1001598791377316,0.011833843991565908,-0.004549954833764042,0.00011068187041230784,
0.15,alpha_select,tsa:0.500,TSA alpha=0.50,0.5,1.0996013090027739,0.011839859433732225,-0.005108524968721984,0.00013703384966212107,
0.15,alpha_select,tsa:0.550,TSA alpha=0.55,0.55,1.0994304940244572,0.01184282086496584,-0.0052793399470382855,0.0001500711773372983,
0.15,alpha_select,tsa:0.600,TSA alpha=0.60,0.6,1.0992819889136416,0.011844749268311085,-0.005427845057854102,0.00016087479006229286,
0.15,alpha_select,tsa:0.650,TSA alpha=0.65,0.65,1.0991860467864178,0.011847878617854597,-0.005523787185077971,0.00017456450933715854,
0.15,alpha_select,tsa:0.700,TSA alpha=0.70,0.7,1.0991604010544196,0.011852760605561154,-0.005549432917076179,0.0001894507666258985,
0.15,alpha_select,tsa:0.750,TSA alpha=0.75,0.75,1.099195794487377,0.011852187200903896,-0.005514039484118818,0.0002009513022487631,
0.15,alpha_select,tsa:0.800,TSA alpha=0.80,0.8,1.0992751827903222,0.011860877406023535,-0.005434651181173459,0.0002182972692330771,
0.15,alpha_select,tsa:0.900,TSA alpha=0.90,0.9,1.0995499427421283,0.01186298794777959,-0.005159891229367492,0.00024164165029018817,
0.15,alpha_select,tsa:1.000,Uniform LAWA,1.0,1.100109620665049,0.011872576039637038,-0.004600213306446903,0.00026741785005807703,
0.15,alpha_select,ema:0.95:16:16,Checkpoint EMA,nan,1.0997713891378207,0.01186699040266469,-0.004938444833674964,0.0002513657971898209,
0.15,alpha_select,swastyle:32:16,SWA-style late average,nan,1.102223357749251,0.011882120973580143,-0.0024864762222447483,0.00036445134246202945,
0.15,alpha_select,adaptive:hybrid:8:32:1.0:all,Tensorwise adaptive TSA,0.5872288030681367,1.0995660267989182,0.01184193265517471,-0.005143807172577472,0.0001437534171304223,0.5872288030681367
0.15,floor_select,raw,Raw iterate,0.0,1.0740000533197709,0.01303498159578728,,,
0.15,floor_select,tsa:0.100,TSA alpha=0.10,0.1,1.072507049974345,0.013038217372898368,-0.0014930033454258005,2.8038357743184602e-05,
0.15,floor_select,tsa:0.200,TSA alpha=0.20,0.2,1.0712332568586702,0.013038997948768805,-0.0027667964611008157,5.4608640054204044e-05,
0.15,floor_select,tsa:0.300,TSA alpha=0.30,0.3,1.0701667474680279,0.013041939087447888,-0.0038333058517429665,8.067282633990188e-05,
0.15,floor_select,tsa:0.400,TSA alpha=0.40,0.4,1.0693655875265917,0.013042499517233444,-0.00463446579317898,0.00010262410926935546,
0.15,floor_select,tsa:0.500,TSA alpha=0.50,0.5,1.0687906033982335,0.013054035450318703,-0.005209449921537273,0.0001262380613063365,
0.15,floor_select,tsa:0.550,TSA alpha=0.55,0.55,1.0686043386760486,0.013055459438613961,-0.0053957146437222485,0.0001376154300569267,
0.15,floor_select,tsa:0.600,TSA alpha=0.60,0.6,1.0684403898852826,0.013058189794045693,-0.005559663434488493,0.00015065873215327878,
0.15,floor_select,tsa:0.650,TSA alpha=0.65,0.65,1.0683629966482502,0.013058337927903778,-0.005637056671520747,0.0001645491118269393,
0.15,floor_select,tsa:0.700,TSA alpha=0.70,0.7,1.068315968721862,0.013057509301622377,-0.005684084597909055,0.00017333315872862566,
0.15,floor_select,tsa:0.750,TSA alpha=0.75,0.75,1.0683518434949517,0.013061163808929127,-0.005648209824819119,0.00018776545112019798,
0.15,floor_select,tsa:0.800,TSA alpha=0.80,0.8,1.0684076586794369,0.013062348574204548,-0.005592394640334035,0.00020120132633111916,
0.15,floor_select,tsa:0.900,TSA alpha=0.90,0.9,1.0687293624937004,0.013067770861920493,-0.005270690826070512,0.0002272469061171297,
0.15,floor_select,tsa:1.000,Uniform LAWA,1.0,1.0692692361623415,0.01307020137343445,-0.0047308171574292745,0.00025075761329117256,
0.15,floor_select,ema:0.95:16:16,Checkpoint EMA,nan,1.0689399838513112,0.013067166933886926,-0.005060069468459768,0.00023656890598433716,
0.15,floor_select,swastyle:32:16,SWA-style late average,nan,1.0711666151851502,0.013090085709054471,-0.002833438134620574,0.0003116495733674648,
0.15,floor_select,adaptive:hybrid:8:32:1.0:all,Tensorwise adaptive TSA,0.5872288030681367,1.0687346412900018,0.013052064557473838,-0.005265412029769089,0.00013269113074014502,0.5872288030681367
0.15,holdout,raw,Raw iterate,0.0,1.0595621996121933,0.010713432408766961,,,
0.15,holdout,tsa:0.100,TSA alpha=0.10,0.1,1.0580551953299913,0.010708731706916032,-0.0015070042822021082,2.9346668511718716e-05,
0.15,holdout,tsa:0.200,TSA alpha=0.20,0.2,1.056761749822486,0.010705813578493456,-0.00280044978970736,5.350865245560907e-05,
0.15,holdout,tsa:0.300,TSA alpha=0.30,0.3,1.0557665320224303,0.010703714163581029,-0.003795667589763065,7.755345882632133e-05,
0.15,holdout,tsa:0.400,TSA alpha=0.40,0.4,1.054974022877829,0.01070135318319124,-0.004588176734364322,0.00010075852149984644,
0.15,holdout,tsa:0.500,TSA alpha=0.50,0.5,1.054440611334294,0.010702303992890568,-0.005121588277899554,0.00012305691091167893,
0.15,holdout,tsa:0.550,TSA alpha=0.55,0.55,1.0542363092347997,0.010703879877541362,-0.0053258903773937384,0.00013329585658498715,
0.15,holdout,tsa:0.600,TSA alpha=0.60,0.6,1.0541111908931369,0.01070347164184239,-0.0054510087190564665,0.00014455705314627231,
0.15,holdout,tsa:0.650,TSA alpha=0.65,0.65,1.0540220176662098,0.010703764530475439,-0.00554018194598352,0.00015800022269954562,
0.15,holdout,tsa:0.700,TSA alpha=0.70,0.7,1.054016091443376,0.010706162427617518,-0.005546108168817507,0.0001671703732425546,
0.15,holdout,tsa:0.750,TSA alpha=0.75,0.75,1.0540424005755997,0.0107036935716838,-0.005519799036593681,0.00017680097957994295,
0.15,holdout,tsa:0.800,TSA alpha=0.80,0.8,1.0540968197660467,0.010703582266430724,-0.005465379846146642,0.00018852164213580143,
0.15,holdout,tsa:0.900,TSA alpha=0.90,0.9,1.054441805617513,0.010703139631048379,-0.005120393994680163,0.0002104884224451782,
0.15,holdout,tsa:1.000,Uniform LAWA,1.0,1.054977368403879,0.010706623859312269,-0.004584831208314333,0.000231372966516292,
0.15,holdout,ema:0.95:16:16,Checkpoint EMA,nan,1.0546048908533103,0.010709046967119412,-0.004957308758883224,0.0002202092143177955,
0.15,holdout,swastyle:32:16,SWA-style late average,nan,1.0567779790200926,0.010702822789522391,-0.002784220592100614,0.00027943162373318773,
0.15,holdout,adaptive:hybrid:8:32:1.0:all,Tensorwise adaptive TSA,0.5872288030681367,1.0543835290229338,0.010701332322501813,-0.005178670589259548,0.00012960045923031532,0.5872288030681367
0.175,alpha_select,raw,Raw iterate,0.0,1.1072220991229504,0.011884256653142633,,,
0.175,alpha_select,tsa:0.100,TSA alpha=0.10,0.1,1.105310889697136,0.011882089867849034,-0.0019112094258143357,3.6890100925183264e-05,
0.175,alpha_select,tsa:0.200,TSA alpha=0.20,0.2,1.1036051474256094,0.011879017682717213,-0.0036169516973408207,6.001923053179801e-05,
0.175,alpha_select,tsa:0.300,TSA alpha=0.30,0.3,1.1022127073484986,0.011882369720398153,-0.005009391774451883,8.932055971969288e-05,
0.175,alpha_select,tsa:0.400,TSA alpha=0.40,0.4,1.1010257839632067,0.011877399217715027,-0.006196315159743688,0.00011355638820023291,
0.175,alpha_select,tsa:0.500,TSA alpha=0.50,0.5,1.100199595671453,0.011877395855815338,-0.007022503451497249,0.0001388336152841694,
0.175,alpha_select,tsa:0.550,TSA alpha=0.55,0.55,1.0999039130423751,0.011876763435804603,-0.007318186080575344,0.00015236377782499515,
0.175,alpha_select,tsa:0.600,TSA alpha=0.60,0.6,1.0996459478376985,0.01187679436166171,-0.007576151285251902,0.00016449185230791487,
0.175,alpha_select,tsa:0.650,TSA alpha=0.65,0.65,1.0994954046704273,0.0118785666139105,-0.007726694452523162,0.00017629918938325201,
0.175,alpha_select,tsa:0.700,TSA alpha=0.70,0.7,1.099359253668724,0.011880399227680777,-0.007862845454226369,0.0001914248609010363,
0.175,alpha_select,tsa:0.750,TSA alpha=0.75,0.75,1.0993339730441756,0.011881771152593472,-0.007888126078774737,0.0002041018069684433,
0.175,alpha_select,tsa:0.800,TSA alpha=0.80,0.8,1.0993756524174696,0.011885693626691663,-0.007846446705480719,0.00021471911164477143,
0.175,alpha_select,tsa:0.900,TSA alpha=0.90,0.9,1.0995766453001043,0.011886190447041154,-0.007645453822845998,0.00024174190177608356,
0.175,alpha_select,tsa:1.000,Uniform LAWA,1.0,1.1001069921392064,0.01189192320421377,-0.007115106983744056,0.0002669112645400242,
0.175,alpha_select,ema:0.95:16:16,Checkpoint EMA,nan,1.0998107321865316,0.01188989111425167,-0.007411366936418666,0.00025561661238325957,
0.175,alpha_select,swastyle:32:16,SWA-style late average,nan,1.102032755254959,0.011921068525272183,-0.005189343867991617,0.00033961018474249177,
0.175,alpha_select,adaptive:hybrid:8:32:1.0:all,Tensorwise adaptive TSA,0.5888964089748878,1.1001542689841837,0.011881818996240202,-0.007067830138766815,0.0001493862498339664,0.5888964089748878
0.175,floor_select,raw,Raw iterate,0.0,1.0760250669187208,0.013081303966649738,,,
0.175,floor_select,tsa:0.100,TSA alpha=0.10,0.1,1.0741542996809619,0.013076577866785052,-0.0018707672377591082,4.377809867506462e-05,
0.175,floor_select,tsa:0.200,TSA alpha=0.20,0.2,1.072513392625419,0.013074053884673333,-0.0035116742933020417,6.868268009281588e-05,
0.175,floor_select,tsa:0.300,TSA alpha=0.30,0.3,1.071163869089541,0.013070507386560017,-0.004861197829179809,9.651835273247437e-05,
0.175,floor_select,tsa:0.400,TSA alpha=0.40,0.4,1.07004483306743,0.013075536566713154,-0.005980233851290873,0.00012156571256892496,
0.175,floor_select,tsa:0.500,TSA alpha=0.50,0.5,1.0692790179696599,0.01307599191643499,-0.006746048949060992,0.00014808678499984753,
0.175,floor_select,tsa:0.550,TSA alpha=0.55,0.55,1.0690034747776977,0.013072499395930677,-0.007021592141023079,0.00016281521429647566,
0.175,floor_select,tsa:0.600,TSA alpha=0.60,0.6,1.0687768319264657,0.01307482591609473,-0.007248234992255201,0.00017742194341678253,
0.175,floor_select,tsa:0.650,TSA alpha=0.65,0.65,1.068652289397802,0.01307328062816899,-0.007372777520918668,0.00019255826371123377,
0.175,floor_select,tsa:0.700,TSA alpha=0.70,0.7,1.068568662654549,0.013073039964956967,-0.00745640426417188,0.0002037291394502143,
0.175,floor_select,tsa:0.750,TSA alpha=0.75,0.75,1.0685442476596139,0.01307877908474558,-0.007480819259106779,0.0002150060011312968,
0.175,floor_select,tsa:0.800,TSA alpha=0.80,0.8,1.068604827128441,0.013079908150071068,-0.007420239790279634,0.00022857824215489608,
0.175,floor_select,tsa:0.900,TSA alpha=0.90,0.9,1.0688944374406826,0.013078255528521501,-0.0071306294780381,0.0002584615987684032,
0.175,floor_select,tsa:1.000,Uniform LAWA,1.0,1.069439029978684,0.013081088725469977,-0.006586036940036661,0.00028490829384708604,
0.175,floor_select,ema:0.95:16:16,Checkpoint EMA,nan,1.0690899029375966,0.013078457898669028,-0.0069351639811241535,0.0002846911280781388,
0.175,floor_select,swastyle:32:16,SWA-style late average,nan,1.070969508361702,0.013086733083277406,-0.005055558557018908,0.0003538191816301226,
0.175,floor_select,adaptive:hybrid:8:32:1.0:all,Tensorwise adaptive TSA,0.5888964089748878,1.0692528621781403,0.013071297380273681,-0.006772204740580488,0.00016243574260518863,0.5888964089748878
0.175,holdout,raw,Raw iterate,0.0,1.0629830139520697,0.010745305501815017,,,
0.175,holdout,tsa:0.100,TSA alpha=0.10,0.1,1.0610563779485112,0.010741334840482909,-0.0019266360035586443,3.415011227121907e-05,
0.175,holdout,tsa:0.200,TSA alpha=0.20,0.2,1.0593616435094073,0.010744020885354911,-0.003621370442662595,5.8431614942871415e-05,
0.175,holdout,tsa:0.300,TSA alpha=0.30,0.3,1.057974770093778,0.010744913639370439,-0.005008243858291732,8.284206085645173e-05,
0.175,holdout,tsa:0.400,TSA alpha=0.40,0.4,1.0567836564863728,0.010749469469181311,-0.006199357465697028,0.00010302537477573918,
0.175,holdout,tsa:0.500,TSA alpha=0.50,0.5,1.055967271574021,0.010751768522993444,-0.007015742378048972,0.00012883125903704172,
0.175,holdout,tsa:0.550,TSA alpha=0.55,0.55,1.0556453012275189,0.010750969314244596,-0.007337712724550808,0.00014135521525933137,
0.175,holdout,tsa:0.600,TSA alpha=0.60,0.6,1.0553906986563542,0.010752073394227395,-0.007592315295715552,0.0001530419417206885,
0.175,holdout,tsa:0.650,TSA alpha=0.65,0.65,1.055220421216628,0.010753346905392498,-0.007762592735441751,0.00016545883630956349,
0.175,holdout,tsa:0.700,TSA alpha=0.70,0.7,1.0551053640017793,0.01075581240741496,-0.007877649950290536,0.00017607229889273076,
0.175,holdout,tsa:0.750,TSA alpha=0.75,0.75,1.0550669298006252,0.010757557518663398,-0.007916084151444519,0.00018750915839660308,
0.175,holdout,tsa:0.800,TSA alpha=0.80,0.8,1.0551004890082474,0.010759332024463567,-0.007882524943822494,0.00020009094431407175,
0.175,holdout,tsa:0.900,TSA alpha=0.90,0.9,1.0553264327125451,0.010760412703581908,-0.007656581239524692,0.00022065103534705245,
0.175,holdout,tsa:1.000,Uniform LAWA,1.0,1.0558426266020706,0.010764605357138324,-0.007140387349999162,0.00024419166336009005,
0.175,holdout,ema:0.95:16:16,Checkpoint EMA,nan,1.0554887977215328,0.01076487241253875,-0.007494216230536996,0.0002354242805839616,
0.175,holdout,swastyle:32:16,SWA-style late average,nan,1.0575714822922408,0.010767210277101038,-0.005411531659829123,0.00029552577937458493,
0.175,holdout,adaptive:hybrid:8:32:1.0:all,Tensorwise adaptive TSA,0.5888964089748878,1.055886737978703,0.010748862151155407,-0.00709627597336675,0.00013590561594793992,0.5888964089748878
