stream_seed,recipe,bpb,gain_vs_raw
1103,raw,1.0575896009207422,0.0
1103,tsa:k4:s16:a0.550,1.0564362271938825,0.0011533737268596411
1103,lawa:k4:s16:a1.000,1.05665120753335,0.0009383933873921002
1103,tsa:k4:s32:a0.550,1.0559040210614328,0.001685579859309394
1103,lawa:k4:s32:a1.000,1.0564124342755778,0.0011771666451643181
1103,tsa:k4:s64:a0.550,1.0557457231390768,0.0018438777816653928
1103,lawa:k4:s64:a1.000,1.0568893465984666,0.0007002543222756064
1103,tsa:k8:s16:a0.550,1.0558131630161982,0.0017764379045439593
1103,lawa:k8:s16:a1.000,1.0565855892460958,0.0010040116746463656
1103,tsa:k8:s32:a0.550,1.0555965960121754,0.001993004908566798
1103,lawa:k8:s32:a1.000,1.0570576698723764,0.0005319310483657969
1103,tsa:k8:s64:a0.550,1.055291287958803,0.002298312961939164
1103,lawa:k8:s64:a1.000,1.0580963152558036,-0.0005067143350614423
1103,tsa:k16:s16:a0.550,1.0555545915788425,0.0020350093418997073
1103,lawa:k16:s16:a1.000,1.0572428071923945,0.00034679372834767186
1103,tsa:k16:s32:a0.550,1.0551549046298638,0.0024346962908783354
1103,lawa:k16:s32:a1.000,1.0582301564921426,-0.0006405555714004141
1103,tsa:k16:s64:a0.550,1.0560231984740769,0.0015664024466652826
1103,lawa:k16:s64:a1.000,1.0624499257256785,-0.004860324804936367
1103,ewa:beta0.50:k8:s32,1.0558472354749755,0.0017423654457666693
1103,ewa:beta0.75:k8:s32,1.0558356228763166,0.0017539780444255637
1103,ewa:beta0.90:k8:s32,1.0564376044219728,0.0011519964987694031
1103,ewa:beta0.95:k8:s32,1.0567307413044522,0.0008588596162899531
1103,ema:0.95:16:16,1.05664900885167,0.0009405920690721548
1103,swastyle:32:16,1.0583457314583864,-0.0007561305376442284
1103,adaptive:hybrid:8:32:1.0:all,1.055644983837276,0.0019446170834662713
1103,adaptive:hybrid:8:32:1.0:muon,1.0556871973827213,0.001902403538020847
2203,raw,1.0570177510619052,0.0
2203,tsa:k4:s16:a0.550,1.0557841495943963,0.001233601467508949
2203,lawa:k4:s16:a1.000,1.0558718964249698,0.001145854636935395
2203,tsa:k4:s32:a0.550,1.055272106239635,0.0017456448222701315
2203,lawa:k4:s32:a1.000,1.0556158721858198,0.0014018788760854495
2203,tsa:k4:s64:a0.550,1.0552501705227497,0.0017675805391554889
2203,lawa:k4:s64:a1.000,1.0563317627079807,0.0006859883539245271
2203,tsa:k8:s16:a0.550,1.0552170414814355,0.0018007095804697393
2203,lawa:k8:s16:a1.000,1.0558116968775932,0.0012060541843119665
2203,tsa:k8:s32:a0.550,1.0551391099819032,0.0018786410800020192
2203,lawa:k8:s32:a1.000,1.0564458206013687,0.0005719304605364961
2203,tsa:k8:s64:a0.550,1.0549128052407322,0.002104945821173043
2203,lawa:k8:s64:a1.000,1.0576906818103344,-0.0006729307484292235
2203,tsa:k16:s16:a0.550,1.0551138131704794,0.0019039378914258442
2203,lawa:k16:s16:a1.000,1.0566174282252743,0.0004003228366309397
2203,tsa:k16:s32:a0.550,1.054862714130776,0.002155036931129173
2203,lawa:k16:s32:a1.000,1.0579568717079013,-0.0009391206459961055
2203,tsa:k16:s64:a0.550,1.056065170936875,0.0009525801250303001
2203,lawa:k16:s64:a1.000,1.0627174577282485,-0.0056997066663433404
2203,ewa:beta0.50:k8:s32,1.055170497275199,0.0018472537867062488
2203,ewa:beta0.75:k8:s32,1.055170864883917,0.0018468861779881163
2203,ewa:beta0.90:k8:s32,1.0558035926416,0.0012141584203051448
2203,ewa:beta0.95:k8:s32,1.0561068106217273,0.0009109404401779209
2203,ema:0.95:16:16,1.0559960425257444,0.0010217085361607925
2203,swastyle:32:16,1.058121107339911,-0.0011033562780058404
2203,adaptive:hybrid:8:32:1.0:all,1.0551540254925078,0.0018637255693974009
2203,adaptive:hybrid:8:32:1.0:muon,1.0550790981665659,0.0019386528953393434
3303,raw,1.0566023893497798,0.0
3303,tsa:k4:s16:a0.550,1.0553690313196495,0.0012333580301302494
3303,lawa:k4:s16:a1.000,1.055557860439034,0.00104452891074569
3303,tsa:k4:s32:a0.550,1.0548668156860377,0.001735573663742107
3303,lawa:k4:s32:a1.000,1.0552781329300374,0.0013242564197424311
3303,tsa:k4:s64:a0.550,1.0547397501999562,0.0018626391498235417
3303,lawa:k4:s64:a1.000,1.0558556355374702,0.0007467538123095974
3303,tsa:k8:s16:a0.550,1.0547730643703932,0.0018293249793865929
3303,lawa:k8:s16:a1.000,1.0554428705042214,0.001159518845558427
3303,tsa:k8:s32:a0.550,1.0546026081242859,0.001999781225493935
3303,lawa:k8:s32:a1.000,1.0560892430538213,0.0005131462959584443
3303,tsa:k8:s64:a0.550,1.0543849803122465,0.0022174090375333133
3303,lawa:k8:s64:a1.000,1.0572505785089936,-0.00064818915921383
3303,tsa:k16:s16:a0.550,1.0545512345793477,0.002051154770432051
3303,lawa:k16:s16:a1.000,1.0562628389821753,0.00033955036760446866
3303,tsa:k16:s32:a0.550,1.054373432318983,0.00222895703079673
3303,lawa:k16:s32:a1.000,1.0574779865728479,-0.0008755972230680698
3303,tsa:k16:s64:a0.550,1.0556474781857526,0.000954911164027239
3303,lawa:k16:s64:a1.000,1.0623949224527556,-0.005792533102975783
3303,ewa:beta0.50:k8:s32,1.054831316018455,0.0017710733313247573
3303,ewa:beta0.75:k8:s32,1.0548242842551634,0.0017781050946164
3303,ewa:beta0.90:k8:s32,1.055441145323043,0.0011612440267367852
3303,ewa:beta0.95:k8:s32,1.0557464191738024,0.000855970175977383
3303,ema:0.95:16:16,1.055646394559461,0.000955994790318826
3303,swastyle:32:16,1.0576373063157007,-0.0010349169659209512
3303,adaptive:hybrid:8:32:1.0:all,1.0546860714493658,0.0019163179004140218
3303,adaptive:hybrid:8:32:1.0:muon,1.0547969524575194,0.0018054368922604258
4403,raw,1.0569807437840526,0.0
4403,tsa:k4:s16:a0.550,1.0556501506263398,0.0013305931577127783
4403,lawa:k4:s16:a1.000,1.055736237080219,0.001244506703833581
4403,tsa:k4:s32:a0.550,1.0550755054217376,0.0019052383623150426
4403,lawa:k4:s32:a1.000,1.0553421992935583,0.0016385444904942759
4403,tsa:k4:s64:a0.550,1.0549116484112742,0.00206909537277844
4403,lawa:k4:s64:a1.000,1.0558567108433599,0.001124032940692743
4403,tsa:k8:s16:a0.550,1.054968555110885,0.0020121886731676586
4403,lawa:k8:s16:a1.000,1.055501380771685,0.0014793630123675072
4403,tsa:k8:s32:a0.550,1.0546935820417938,0.0022871617422588475
4403,lawa:k8:s32:a1.000,1.0559867916584609,0.0009939521255917239
4403,tsa:k8:s64:a0.550,1.0545364419687695,0.002444301815283101
4403,lawa:k8:s64:a1.000,1.057181228580377,-0.00020048479632439609
4403,tsa:k16:s16:a0.550,1.0546733344157815,0.0023074093682711183
4403,lawa:k16:s16:a1.000,1.0561693111464083,0.0008114326376442715
4403,tsa:k16:s32:a0.550,1.0544172361689264,0.002563507615126248
4403,lawa:k16:s32:a1.000,1.0572521399368588,-0.00027139615280624696
4403,tsa:k16:s64:a0.550,1.0552948547611762,0.0016858890228763634
4403,lawa:k16:s64:a1.000,1.0616391386734263,-0.004658394889373696
4403,ewa:beta0.50:k8:s32,1.0549683796863467,0.0020123640977058876
4403,ewa:beta0.75:k8:s32,1.0548410228396792,0.0021397209443734244
4403,ewa:beta0.90:k8:s32,1.0553810130763839,0.0015997307076687228
4403,ewa:beta0.95:k8:s32,1.0556463876056064,0.0013343561784462388
4403,ema:0.95:16:16,1.0555854385481458,0.0013953052359068074
4403,swastyle:32:16,1.0573555762700801,-0.00037483248602754315
4403,adaptive:hybrid:8:32:1.0:all,1.0547861206287281,0.002194623155324482
4403,adaptive:hybrid:8:32:1.0:muon,1.054979051546927,0.002001692237125541
5503,raw,1.057173976947708,0.0
5503,tsa:k4:s16:a0.550,1.0558662067858229,0.0013077701618851023
5503,lawa:k4:s16:a1.000,1.0560289332360537,0.0011450437116542478
5503,tsa:k4:s32:a0.550,1.0553527589796066,0.0018212179681014184
5503,lawa:k4:s32:a1.000,1.055725357454505,0.0014486194932030738
5503,tsa:k4:s64:a0.550,1.0551896369354279,0.0019843400122800947
5503,lawa:k4:s64:a1.000,1.0562021173340976,0.0009718596136103486
5503,tsa:k8:s16:a0.550,1.0552379653183983,0.0019360116293096752
5503,lawa:k8:s16:a1.000,1.0558822620930541,0.001291714854653847
5503,tsa:k8:s32:a0.550,1.0549850489119965,0.002188928035711468
5503,lawa:k8:s32:a1.000,1.0563625774543037,0.0008113994934042523
5503,tsa:k8:s64:a0.550,1.0548616206725328,0.0023123562751752313
5503,lawa:k8:s64:a1.000,1.057563622858029,-0.0003896459103209793
5503,tsa:k16:s16:a0.550,1.0549388741250274,0.002235102822680579
5503,lawa:k16:s16:a1.000,1.0565335049543243,0.0006404719933836844
5503,tsa:k16:s32:a0.550,1.0547405004005048,0.0024334765472031616
5503,lawa:k16:s32:a1.000,1.0576643853467063,-0.0004904083989982766
5503,tsa:k16:s64:a0.550,1.0556644744729466,0.0015095024747613373
5503,lawa:k16:s64:a1.000,1.062274813595087,-0.005100836647379037
5503,ewa:beta0.50:k8:s32,1.055262223252525,0.0019117536951829273
5503,ewa:beta0.75:k8:s32,1.0551413168676174,0.0020326600800906203
5503,ewa:beta0.90:k8:s32,1.0557241353967395,0.0014498415509685003
5503,ewa:beta0.95:k8:s32,1.0560110223504156,0.0011629545972924316
5503,ema:0.95:16:16,1.0559216974041183,0.0012522795435896406
5503,swastyle:32:16,1.0577786679871606,-0.0006046910394525984
5503,adaptive:hybrid:8:32:1.0:all,1.0550816240771093,0.0020923528705987238
5503,adaptive:hybrid:8:32:1.0:muon,1.055067280336182,0.00210669661152596
