optimizer,family,alpha_group,alpha_other,n,mean_bpb,mean_gain_vs_raw,gain_ci95_half,positive_seed_count,min_gain,max_gain
native,structured_grid,0.0,0.0,5,1.1019701626279859,0.0,0.0,0,0.0,0.0
native,structured_grid,0.0,0.125,5,1.1018810582670182,8.910436096760676e-05,1.2795064814485056e-05,5,7.782927113142435e-05,0.00010537652910858064
native,structured_grid,0.0,0.25,5,1.1018158674178777,0.00015429521010794643,3.175979910093775e-05,5,0.00012057548337107704,0.00019081209145643818
native,structured_grid,0.0,0.375,5,1.1017837813061908,0.00018638132179518152,5.8932277916685756e-05,5,0.0001399167225435427,0.00025721462884376045
native,structured_grid,0.0,0.5,5,1.1017915019463256,0.00017866068166010328,6.595988571917642e-05,5,0.00012077156166645509,0.00025623346939052105
native,structured_grid,0.0,0.625,5,1.1018238576946466,0.00014630493333944727,9.532809775021253e-05,5,2.8272616326763256e-05,0.00021306421004840814
native,structured_grid,0.0,0.75,5,1.1019336562447344,3.650638325165545e-05,0.0001098021232544309,3,-5.491325585360585e-05,0.00014319785896588222
native,structured_grid,0.0,0.875,5,1.1020190190526409,-4.885642465506379e-05,0.00012681969384976588,2,-0.00017070022218845793,5.714618489482959e-05
native,structured_grid,0.0,1.0,5,1.1021659563903217,-0.00019579376233589408,0.00013982048801065676,0,-0.0003587158066769014,-7.556741714598303e-05
native,structured_grid,0.125,0.0,5,1.101191847488502,0.0007783151394836097,2.9733081349714903e-05,5,0.000748822628451995,0.0008043675060005473
native,structured_grid,0.125,0.125,5,1.1011190125922483,0.0008511500357373692,5.191753811846982e-05,5,0.0008125603733777353,0.0009125630556370279
native,structured_grid,0.125,0.25,5,1.1010669697365238,0.0009031928914622345,6.954140287505422e-05,5,0.0008314202282009298,0.000982939432382146
native,structured_grid,0.125,0.375,5,1.101031084136764,0.0009390784912217676,8.956996704179474e-05,5,0.0008700322514250125,0.0010589821165367663
native,structured_grid,0.125,0.5,5,1.1010491411652512,0.0009210214627344282,8.747878343369786e-05,5,0.0008154946603546875,0.0010070112980908874
native,structured_grid,0.125,0.625,5,1.1010926573133153,0.0008775053146705236,0.00012298660008638076,5,0.0007196983835866533,0.0009833048796545896
native,structured_grid,0.125,0.75,5,1.101193926916951,0.0007762357110347561,0.00013057643396816406,5,0.0006233060626259501,0.0008723733691244906
native,structured_grid,0.125,0.875,5,1.1013000726710533,0.0006700899569324736,0.00015410733357806058,5,0.0004975163071301303,0.0007921433734725536
native,structured_grid,0.125,1.0,5,1.10146290310173,0.0005072595262558099,0.00015432935837375334,5,0.0003045871031737146,0.0006058853689594468
native,structured_grid,0.25,0.0,5,1.1006152899678372,0.0013548726601484429,7.593666872049491e-05,5,0.0012928504954554665,0.0014363654122893088
native,structured_grid,0.25,0.125,5,1.1005327452979816,0.0014374173300041536,9.002758325836173e-05,5,0.0013531037085838804,0.0015517805334799295
native,structured_grid,0.25,0.25,5,1.1004726735723664,0.0014974890556193276,0.00010209247525612494,5,0.0013872757913633293,0.0016089161174870359
native,structured_grid,0.25,0.375,5,1.100457448831593,0.0015127137963928394,0.00012902032286297296,5,0.0014003236593103097,0.0016761979493509216
native,structured_grid,0.25,0.5,5,1.1004847164527005,0.0014854461752853432,0.00013817942998077624,5,0.0013537697659453674,0.0016536024366271551
native,structured_grid,0.25,0.625,5,1.1005334022460647,0.0014367603819212427,0.00014391336058822192,5,0.0012899191238169294,0.0016014732881752813
native,structured_grid,0.25,0.75,5,1.100642036672413,0.0013281259555727675,0.00015663037909010287,5,0.0011381675868147312,0.0014675442899203528
native,structured_grid,0.25,0.875,5,1.1007588649091093,0.0012112977188763363,0.00016699877730353858,5,0.001004388808378609,0.0013545785270376864
native,structured_grid,0.25,1.0,5,1.100922073574738,0.001048089053247736,0.00019035255085317446,5,0.0007914072015686724,0.00118696737422197
native,structured_grid,0.375,0.0,5,1.100209489360434,0.00176067326755196,0.00010804109781271105,5,0.0016776703347725075,0.0018895887038021808
native,structured_grid,0.375,0.125,5,1.1001206796147596,0.0018494830132262051,0.00012575596051524307,5,0.0017399052412705451,0.0020085380830050514
native,structured_grid,0.375,0.25,5,1.1000795318377716,0.0018906307902143205,0.00015306439569721223,5,0.0017388510441382898,0.0020657601205240628
native,structured_grid,0.375,0.375,5,1.1000676616493514,0.001902500978634336,0.0001687814561381375,5,0.0017402486334590073,0.002102655721200719
native,structured_grid,0.375,0.5,5,1.1000911123657764,0.0018790502622096027,0.00017397943378810217,5,0.0017117301916562688,0.0020828565567467816
native,structured_grid,0.375,0.625,5,1.100163337445196,0.0018068251827899396,0.00018527627974825956,5,0.001617405508462566,0.0020149771731017285
native,structured_grid,0.375,0.75,5,1.1002648695662145,0.0017052930617714069,0.0001836895963359771,5,0.001507396364328617,0.0019097029473089666
native,structured_grid,0.375,0.875,5,1.1004110734420252,0.0015590891859607492,0.00020619927309310342,5,0.0013257935292199097,0.0017789634825227107
native,structured_grid,0.375,1.0,5,1.100559575537019,0.0014105870909670414,0.00020600689281014922,5,0.0011410722793057104,0.001581845107002211
native,structured_grid,0.5,0.0,5,1.0999689691382961,0.002001193489689701,0.00015518035020639247,5,0.0018614210596195058,0.002186547741442224
native,structured_grid,0.5,0.125,5,1.0998936927303078,0.0020764698976781125,0.00017374912306527643,5,0.0019207869122128685,0.0022879617271456265
native,structured_grid,0.5,0.25,5,1.0998607435677923,0.0021094190601934847,0.00019043572386377442,5,0.0019159913015700525,0.002322923786447939
native,structured_grid,0.5,0.375,5,1.0998511397882935,0.002119022839692164,0.00021435926433708628,5,0.0019191199794719171,0.0023779292532268848
native,structured_grid,0.5,0.5,5,1.0998781639555395,0.002091998672446449,0.00020975899380576115,5,0.0018908452427859324,0.0023364190338586166
native,structured_grid,0.5,0.625,5,1.0999605850354766,0.0020095775925092598,0.00022899844982036605,5,0.0017828969706601416,0.0022736704824719567
native,structured_grid,0.5,0.75,5,1.1000735935561885,0.0018965690717973605,0.00021598481366599286,5,0.0016639736087540324,0.0021451627621733582
native,structured_grid,0.5,0.875,5,1.1001985853093768,0.0017715773186091522,0.0002209307401363127,5,0.0015270239579201483,0.0020115056127816278
native,structured_grid,0.5,1.0,5,1.1003849552334262,0.0015852073945597845,0.0002323635829993495,5,0.0013056120702743534,0.0018196355861175295
native,structured_grid,0.625,0.0,5,1.0999058938955026,0.002064268732483265,0.00019643797225723603,5,0.001880068084023634,0.002293183335619675
native,structured_grid,0.625,0.125,5,1.0998422120094207,0.0021279506185651886,0.00019612337096324518,5,0.0019205733648988144,0.00235077673758588
native,structured_grid,0.625,0.25,5,1.0998073278325406,0.0021628347954452563,0.0002314597424319126,5,0.0019304675752751521,0.0024270588467210086
native,structured_grid,0.625,0.375,5,1.0998081654437046,0.002161997184281228,0.0002467892985456805,5,0.0019333752206391885,0.0024583567656979444
native,structured_grid,0.625,0.5,5,1.0998462749796591,0.002123887648326761,0.0002448227106849357,5,0.0018868350201466377,0.0024183360359659734
native,structured_grid,0.625,0.625,5,1.099910498274889,0.002059664353096835,0.00025987735677528005,5,0.0018096263630558163,0.002363959583490116
native,structured_grid,0.625,0.75,5,1.1000340331179685,0.0019361295100170928,0.0002548572161503447,5,0.0016741180512718223,0.0022154015335322796
native,structured_grid,0.625,0.875,5,1.1001811609936882,0.0017890016342977156,0.0002794088788872425,5,0.0014808277611779719,0.0020996043877012927
native,structured_grid,0.625,1.0,5,1.1003645931433221,0.0016055694846637714,0.0002866048276057973,5,0.0012720777781749515,0.0019021149147051553
native,structured_grid,0.75,0.0,5,1.1000176862189401,0.0019524764090458114,0.00022135909727225925,5,0.001740369000672315,0.0022104089739614086
native,structured_grid,0.75,0.125,5,1.0999464483816113,0.002023714246374597,0.00023989796254842737,5,0.0017863541929303839,0.002304858915106456
native,structured_grid,0.75,0.25,5,1.0999328110019913,0.002037351625994477,0.00026505623469962064,5,0.001760416278063559,0.002326501408184578
native,structured_grid,0.75,0.375,5,1.099931029124479,0.002039133503506907,0.00026702710945630576,5,0.0017796494844448674,0.0023429650998332274
native,structured_grid,0.75,0.5,5,1.0999682055011788,0.0020019571268068857,0.00027357409979725,5,0.001754568523438138,0.0023288756726354
native,structured_grid,0.75,0.625,5,1.100040129933793,0.0019300326941928514,0.00029363091118505625,5,0.0016606282456872457,0.002274101917240534
native,structured_grid,0.75,0.75,5,1.1001740972945508,0.0017960653334350596,0.0002937496033669353,5,0.0015094319546911095,0.0021370277755130562
native,structured_grid,0.75,0.875,5,1.100321470982087,0.0016486916458988699,0.0002954170351872802,5,0.0013446676370012511,0.001993361672109728
native,structured_grid,0.75,1.0,5,1.1005279980112856,0.0014421646167003034,0.00031504906112890123,5,0.0010983282435885755,0.0017876782574388628
native,structured_grid,0.875,0.0,5,1.1002962833949315,0.0016738792330543094,0.0002610736378361712,5,0.0014170789322480726,0.0019691391649880874
native,structured_grid,0.875,0.125,5,1.1002259385240922,0.001744224103893588,0.0002656568227231823,5,0.0014848779690042058,0.0020556199996264457
native,structured_grid,0.875,0.25,5,1.1002068497016768,0.001763312926309224,0.0003066011977696796,5,0.0014508987440653431,0.002111950232013493
native,structured_grid,0.875,0.375,5,1.100221299555132,0.0017488630728540234,0.0002971302292129842,5,0.0014676235034354335,0.002093623992959426
native,structured_grid,0.875,0.5,5,1.1002585362225041,0.001711626405481992,0.0003086266588740502,5,0.0014313868467932256,0.002085066644170741
native,structured_grid,0.875,0.625,5,1.100343613996344,0.0016265486316418443,0.00031238711846885676,5,0.001339848443050462,0.0020043349965022106
native,structured_grid,0.875,0.75,5,1.100473600596218,0.001496562031767823,0.00032840734214786295,5,0.0011714932249553556,0.0018748684162595008
native,structured_grid,0.875,0.875,5,1.10063546791539,0.0013346947125958408,0.00033848686897680207,5,0.0009949876201011953,0.0017192012076201468
native,structured_grid,0.875,1.0,5,1.1008415110263872,0.0011286516015986514,0.0003491923817683248,5,0.0007638298891508022,0.001523024532865902
native,structured_grid,1.0,0.0,5,1.1007433963185673,0.001226766309418359,0.0002684638926045311,5,0.0009612730891070953,0.0015323979908634655
native,structured_grid,1.0,0.125,5,1.10067236038865,0.0012978022393360434,0.0003009054103940801,5,0.0009975944438989082,0.0016481254480982255
native,structured_grid,1.0,0.25,5,1.1006546257151784,0.0013155369128075023,0.0003266349322053023,5,0.0009727719305268057,0.00167524019313392
native,structured_grid,1.0,0.375,5,1.1006779620972407,0.0012922005307452356,0.00032334856074101574,5,0.0009918731797986524,0.0016793159080639164
native,structured_grid,1.0,0.5,5,1.1007202839102572,0.001249878717728814,0.00033041746753616024,5,0.0009451593279068415,0.0016397528352751767
native,structured_grid,1.0,0.625,5,1.100810142362884,0.0011600202651018243,0.00034692889376259717,5,0.0008535987444924231,0.0015800486437149708
native,structured_grid,1.0,0.75,5,1.100942633365626,0.00102752926235965,0.0003538252055604906,5,0.0007053196058666167,0.0014538952187173049
native,structured_grid,1.0,0.875,5,1.1011075004350124,0.000862662192973529,0.0003647404750706635,5,0.0005060508133862829,0.0012885070086110506
native,structured_grid,1.0,1.0,5,1.1013116081566026,0.0006585544713832991,0.0003755470781478686,5,0.00028072715378479884,0.0010859419585969032
pure_adamw,structured_grid,0.0,0.0,5,1.1459512975296733,0.0,0.0,0,0.0,0.0
pure_adamw,structured_grid,0.0,0.125,5,1.1458655348246427,8.576270503062311e-05,2.4765029642114786e-05,5,6.140854303393617e-05,0.00011390121169663203
pure_adamw,structured_grid,0.0,0.25,5,1.1457862593259196,0.000165038203753598,3.1284261414612295e-05,5,0.0001409770900206997,0.00020557935584974985
pure_adamw,structured_grid,0.0,0.375,5,1.1457703577306741,0.00018093979899900248,3.1013860647291935e-05,5,0.0001567823282300207,0.00021494546120970348
pure_adamw,structured_grid,0.0,0.5,5,1.1457560796065855,0.00019521792308756502,1.0814947518260747e-05,5,0.00018222871752571201,0.0002025706172570363
pure_adamw,structured_grid,0.0,0.625,5,1.1457970297965916,0.00015426773308151452,2.0313286115858924e-05,5,0.0001285425609738322,0.00016940954886002224
pure_adamw,structured_grid,0.0,0.75,5,1.1458530169854169,9.828054425629063e-05,2.4373089725039835e-05,5,7.799791523055433e-05,0.00012647902318807525
pure_adamw,structured_grid,0.0,0.875,5,1.1459539384577755,-2.6409281022043984e-06,4.3873107248889137e-05,2,-3.805694041902896e-05,4.996162521986314e-05
pure_adamw,structured_grid,0.0,1.0,5,1.1460890745694374,-0.00013777703976423084,5.615988711174579e-05,0,-0.0001955152368389168,-8.458403956890237e-05
pure_adamw,structured_grid,0.125,0.0,5,1.1456282175032446,0.0003230800264286682,5.040087748942368e-05,5,0.0002813990370404973,0.000383382920434272
pure_adamw,structured_grid,0.125,0.125,5,1.145545678613828,0.00040561891584527386,4.725379543630108e-05,5,0.00038215920301465367,0.0004729917596733024
pure_adamw,structured_grid,0.125,0.25,5,1.145482460635693,0.00046883689398034,6.506464314501816e-05,5,0.00043233871659853484,0.0005604513325558891
pure_adamw,structured_grid,0.125,0.375,5,1.1454651537461178,0.0004861437835554483,4.2977585434319e-05,5,0.00045204472076698643,0.000539375581475543
pure_adamw,structured_grid,0.125,0.5,5,1.1454680424249266,0.00048325510474671595,5.412604052593586e-05,5,0.0004231057585197817,0.0005453101821697448
pure_adamw,structured_grid,0.125,0.625,5,1.1455077134856986,0.0004435840439747984,6.574092252269599e-05,5,0.00037063199250497725,0.0005156963461345754
pure_adamw,structured_grid,0.125,0.75,5,1.1455698941473393,0.00038140338233385587,6.728664462784465e-05,5,0.0003065662572949712,0.0004591709520056497
pure_adamw,structured_grid,0.125,0.875,5,1.1456856117849041,0.00026568574476915074,7.343443979105348e-05,5,0.00018699546083111862,0.00035363512425279353
pure_adamw,structured_grid,0.125,1.0,5,1.1458242224241288,0.00012707510554434975,6.457656651923373e-05,5,4.593372765415715e-05,0.00018892060054942483
pure_adamw,structured_grid,0.25,0.0,5,1.1453650216920914,0.0005862758375817289,8.870829650222924e-05,5,0.0005189411710593284,0.0006936976004814355
pure_adamw,structured_grid,0.25,0.125,5,1.1452945309658933,0.0006567665637800424,8.872327768739461e-05,5,0.0006030219687318539,0.0007742433604223109
pure_adamw,structured_grid,0.25,0.25,5,1.145247775008793,0.0007035225208802398,9.10565045837705e-05,5,0.0006379185929865638,0.0008202136603707721
pure_adamw,structured_grid,0.25,0.375,5,1.145229652776032,0.0007216447536412928,9.259454162850279e-05,5,0.0006304188449526293,0.0008315299231016482
pure_adamw,structured_grid,0.25,0.5,5,1.14524642936322,0.0007048681664532985,0.00010015268465898298,5,0.0005965752153975767,0.0008105603422623453
pure_adamw,structured_grid,0.25,0.625,5,1.1452929573863262,0.0006583401433470027,0.00011113307312471838,5,0.0005393676621698873,0.0007816542469263332
pure_adamw,structured_grid,0.25,0.75,5,1.145368821826518,0.0005824757031555272,9.640601498953542e-05,5,0.0004818907221182389,0.0006887990732873384
pure_adamw,structured_grid,0.25,0.875,5,1.145476655711882,0.0004746418177913103,0.00011508817841580225,5,0.00036159299326210537,0.0006159967529295596
pure_adamw,structured_grid,0.25,1.0,5,1.1456439130265774,0.00030738450309573115,0.00010518657393740062,5,0.00018250556847720922,0.0004177581556086274
pure_adamw,structured_grid,0.375,0.0,5,1.1451854606275602,0.0007658369021130706,0.00011804606937598194,5,0.0006759315167352842,0.0009023466416306913
pure_adamw,structured_grid,0.375,0.125,5,1.1451122910708478,0.0008390064588255086,0.00011679592105739371,5,0.0007401161165505599,0.0009750023750627612
pure_adamw,structured_grid,0.375,0.25,5,1.145074471707489,0.0008768258221842462,0.00012516778768734659,5,0.0007717990638689276,0.0010326330921595073
pure_adamw,structured_grid,0.375,0.375,5,1.1450699784938558,0.000881319035817274,0.00011997613106475775,5,0.0007654790014688384,0.0010219996151277222
pure_adamw,structured_grid,0.375,0.5,5,1.1450892270740312,0.0008620704556420389,0.00012730327537888554,5,0.0007342869569522126,0.001008881071173473
pure_adamw,structured_grid,0.375,0.625,5,1.1451446527873756,0.0008066447422975465,0.00013187080313310827,5,0.0006676385623862746,0.0009563818904576582
pure_adamw,structured_grid,0.375,0.75,5,1.145228148049469,0.0007231494802041105,0.00012846946996347952,5,0.0006026541359607229,0.000875750237616657
pure_adamw,structured_grid,0.375,0.875,5,1.1453488643450105,0.000602433184662976,0.00015262447767056323,5,0.00045286077951200987,0.000789669096285639
pure_adamw,structured_grid,0.375,1.0,5,1.1455181105481689,0.00043318698150427435,0.00013241131836386902,5,0.0002975485483223128,0.0005933369767325836
pure_adamw,structured_grid,0.5,0.0,5,1.1450671300238144,0.0008841675058589349,0.00015225066289990358,5,0.0007607825898430232,0.0010551231624305046
pure_adamw,structured_grid,0.5,0.125,5,1.1450034804553018,0.0009478170743716152,0.00015662105799695277,5,0.0008211118966638953,0.0011365732031147768
pure_adamw,structured_grid,0.5,0.25,5,1.1449713923460911,0.000979905183581975,0.00015544356404194505,5,0.000851931160671171,0.0011776306717201646
pure_adamw,structured_grid,0.5,0.375,5,1.1449738667173635,0.0009774308123098319,0.0001502955439073747,5,0.0008485067730497065,0.001164229338707079
pure_adamw,structured_grid,0.5,0.5,5,1.145006111188458,0.0009451863412151873,0.00016289642442783264,5,0.0007836120590820617,0.0011285070488584736
pure_adamw,structured_grid,0.5,0.625,5,1.145073877583007,0.0008774199466661248,0.000175257389068161,5,0.0006957355692427392,0.0010764706651098521
pure_adamw,structured_grid,0.5,0.75,5,1.1451706256051994,0.0007806719244736193,0.00017525657946788025,5,0.0006102971097077248,0.0009865425504180791
pure_adamw,structured_grid,0.5,0.875,5,1.1452997767907382,0.0006515207389351296,0.00017610504547248114,5,0.0004789094533454996,0.0008674949105307306
pure_adamw,structured_grid,0.5,1.0,5,1.1454621178663302,0.0004891796633430534,0.00017525956472488346,5,0.00029874062777479615,0.000687009641888725
pure_adamw,structured_grid,0.625,0.0,5,1.1450352825700765,0.0009160149595966782,0.00018958184272271434,5,0.000777447167016776,0.0011333994953528492
pure_adamw,structured_grid,0.625,0.125,5,1.1449706257338765,0.000980671795796928,0.00018748623275732348,5,0.0008222845651948418,0.0012099559496285828
pure_adamw,structured_grid,0.625,0.25,5,1.144944288073987,0.0010070094556861252,0.00018542700744285734,5,0.0008595719863591089,0.0012335792494084785
pure_adamw,structured_grid,0.625,0.375,5,1.1449645556405432,0.000986741889130105,0.0001852556073272055,5,0.0008131330105183299,0.0012058880346634826
pure_adamw,structured_grid,0.625,0.5,5,1.1449981247632288,0.0009531727664444656,0.00018642498259512538,5,0.0007636365768302067,0.0011543627195700346
pure_adamw,structured_grid,0.625,0.625,5,1.1450715160080072,0.0008797815216662564,0.0002111939287192912,5,0.0006737687006894699,0.001117442176777672
pure_adamw,structured_grid,0.625,0.75,5,1.1451775321667879,0.000773765362885559,0.00020688019306447204,5,0.0005602018591683855,0.0010069150142162364
pure_adamw,structured_grid,0.625,0.875,5,1.1453104934776541,0.000640804052018984,0.00021356927047764377,5,0.0004106556275009776,0.0008806627955721957
pure_adamw,structured_grid,0.625,1.0,5,1.1454845657727222,0.0004667317569510221,0.00020337727526606046,5,0.0002493053161447545,0.0006988339593556603
pure_adamw,structured_grid,0.75,0.0,5,1.145057864964651,0.0008934325650223673,0.00023467311023015497,5,0.0006988326085697327,0.0011554586040984915
pure_adamw,structured_grid,0.75,0.125,5,1.1450024297441241,0.0009488677855493232,0.00022469365041110959,5,0.0007472141899320661,0.0011995519938055033
pure_adamw,structured_grid,0.75,0.25,5,1.1449899159689565,0.0009613815607166121,0.00022210877621154284,5,0.0007594010400817641,0.001202018091504442
pure_adamw,structured_grid,0.75,0.375,5,1.14501450226835,0.0009367952613232866,0.00024541369172127004,5,0.0007023693944214759,0.001209698470444387
pure_adamw,structured_grid,0.75,0.5,5,1.1450510076833602,0.0009002898463130737,0.0002367025146518286,5,0.0006612306897884057,0.0011571055073966718
pure_adamw,structured_grid,0.75,0.625,5,1.145123265815345,0.0008280317143285032,0.00023768243886916737,5,0.0005916409390192001,0.0010889558226465645
pure_adamw,structured_grid,0.75,0.75,5,1.145242784830431,0.0007085126992423252,0.00022962426785812915,5,0.0004903096578308119,0.0009787372712666276
pure_adamw,structured_grid,0.75,0.875,5,1.1453936116061834,0.000557685923489748,0.00023224608515226474,5,0.0003202936754482799,0.0008181335783596921
pure_adamw,structured_grid,0.75,1.0,5,1.1455685910871998,0.0003827064424734683,0.0002303929930396159,5,0.00014436403292239497,0.000647491303343406
pure_adamw,structured_grid,0.875,0.0,5,1.1451445024000808,0.0008067951295924747,0.0002624771506332203,5,0.0005945188011715619,0.0011057202461437488
pure_adamw,structured_grid,0.875,0.125,5,1.14510871237174,0.0008425851579332733,0.0002725254569965196,5,0.0005861672409743779,0.0011442723036221292
pure_adamw,structured_grid,0.875,0.25,5,1.1450960180341414,0.0008552794955318799,0.0002496775164611458,5,0.000617760373766707,0.0011353771862609996
pure_adamw,structured_grid,0.875,0.375,5,1.1451195209399867,0.0008317765896866724,0.0002633935693722129,5,0.0005853250338894167,0.0011279807330271119
pure_adamw,structured_grid,0.875,0.5,5,1.1451710815654919,0.0007802159641815187,0.000280403745244432,5,0.0005127735102463671,0.0010927279219532515
pure_adamw,structured_grid,0.875,0.625,5,1.1452680906024797,0.000683206927193547,0.0002788038455689786,5,0.00042136976247064695,0.0009969272420993214
pure_adamw,structured_grid,0.875,0.75,5,1.1453852169424663,0.0005660805872070185,0.00028341199381046764,5,0.000293861795414907,0.0008772867188231448
pure_adamw,structured_grid,0.875,0.875,5,1.1455344131779566,0.00041688435171662876,0.00028600811249341766,5,0.00012657496907020338,0.0007357017329927551
pure_adamw,structured_grid,0.875,1.0,5,1.1457243720273729,0.00022692550230045682,0.00028927164768984426,4,-5.323621712549631e-05,0.0005591091020598071
pure_adamw,structured_grid,1.0,0.0,5,1.1453108385157198,0.0006404590139533096,0.0002962395931675493,5,0.0003909477621375501,0.000971462625909636
pure_adamw,structured_grid,1.0,0.125,5,1.1452694848815486,0.0006818126481245912,0.0003070412302630274,5,0.0004082094462571906,0.0010440337922785758
pure_adamw,structured_grid,1.0,0.25,5,1.145270989295578,0.0006803082340953726,0.00029842640414842015,5,0.0004031517451721367,0.0010218433570130525
pure_adamw,structured_grid,1.0,0.375,5,1.145303110796782,0.0006481867328914426,0.00029897197773949677,5,0.0003709477223594604,0.0009957317474680316
pure_adamw,structured_grid,1.0,0.5,5,1.1453626839523607,0.0005886135773125467,0.00031243791047274965,5,0.00029063064862033805,0.0009357798993896438
pure_adamw,structured_grid,1.0,0.625,5,1.1454551560241673,0.000496141505505987,0.00031363666295157905,5,0.00018971405604739644,0.0008539784698924358
pure_adamw,structured_grid,1.0,0.75,5,1.1455754011371755,0.0003758963924977987,0.00031294244301322265,5,7.846639587705262e-05,0.0007397988030815039
pure_adamw,structured_grid,1.0,0.875,5,1.1457500868633224,0.00020121066635101493,0.0003170929114310235,4,-0.00010512815663865638,0.0005688775721524042
pure_adamw,structured_grid,1.0,1.0,5,1.1459379042446811,1.3393284992124777e-05,0.00032890955712637737,2,-0.00031088100402909546,0.00039291117374196105
native,scalar_grid,0.0,0.0,5,1.1019701626279859,0.0,0.0,0,0.0,0.0
native,scalar_grid,0.05,0.05,5,1.101608032616743,0.0003621300112430337,2.596739700551113e-05,5,0.00034111734869135546,0.0003917542284128661
native,scalar_grid,0.1,0.1,5,1.1012649454523988,0.0007052171755868919,3.764321660410043e-05,5,0.000676777532234496,0.0007508083651888153
native,scalar_grid,0.15,0.15,5,1.1009766292653058,0.000993533362680088,5.925259308707335e-05,5,0.0009548471833498162,0.001068508817349656
native,scalar_grid,0.2,0.2,5,1.1007044467180895,0.0012657159098963255,6.937249085105708e-05,5,0.001197685661403547,0.001344128921679566
native,scalar_grid,0.25,0.25,5,1.1004726735723664,0.0014974890556193276,0.00010209247525612494,5,0.0013872757913633293,0.0016089161174870359
native,scalar_grid,0.3,0.3,5,1.1002828018886242,0.001687360739361754,0.00014287840260195875,5,0.0015567431640199914,0.0018641081106056667
native,scalar_grid,0.35,0.35,5,1.1001398478210702,0.0018303148069158226,0.00016144021888320965,5,0.0016868522966038135,0.002026042515183457
native,scalar_grid,0.4,0.4,5,1.1000138275992812,0.0019563350287045813,0.00017793865106238775,5,0.001787745499290061,0.0021665954224789896
native,scalar_grid,0.45,0.45,5,1.0999327066820053,0.002037455945980593,0.00019675105120455703,5,0.0018495903562838478,0.0022723311372889743
native,scalar_grid,0.5,0.5,5,1.0998781639555395,0.002091998672446449,0.00020975899380576115,5,0.0018908452427859324,0.0023364190338586166
native,scalar_grid,0.55,0.55,5,1.099869134278519,0.0021010283494668604,0.00023089349337169742,5,0.0018824615123500532,0.002381824748197703
native,scalar_grid,0.6,0.6,5,1.0998950629038273,0.0020750997241586687,0.0002386738767711866,5,0.0018553972465080726,0.0023617419211290347
native,scalar_grid,0.65,0.65,5,1.0999453106160595,0.002024852011926326,0.00025426361423810733,5,0.0017716198861243981,0.00232162357844401
native,scalar_grid,0.7,0.7,5,1.100046635378077,0.0019235272499089628,0.0002728573910155838,5,0.001657007490118767,0.0022400777061273303
native,scalar_grid,0.75,0.75,5,1.1001740972945508,0.0017960653334350596,0.0002937496033669353,5,0.0015094319546911095,0.0021370277755130562
native,scalar_grid,0.8,0.8,5,1.1003310626225864,0.0016391000053996407,0.0003103662006671174,5,0.0013225771219991245,0.001984843379500001
native,scalar_grid,0.85,0.85,5,1.1005225848730242,0.001447577754961671,0.0003170572763092644,5,0.001132411398359956,0.0018198753891740527
native,scalar_grid,0.9,0.9,5,1.1007486978694732,0.0012214647585126136,0.0003392248106070218,5,0.0008764675013503975,0.0016079244791435965
native,scalar_grid,0.95,0.95,5,1.1010116455749177,0.0009585170530681975,0.0003629549961195036,5,0.0005892604361723563,0.0013703837645551165
native,scalar_grid,1.0,1.0,5,1.1013116081566026,0.0006585544713832991,0.0003755470781478686,5,0.00028072715378479884,0.0010859419585969032
pure_adamw,scalar_grid,0.0,0.0,5,1.1459512975296733,0.0,0.0,0,0.0,0.0
pure_adamw,scalar_grid,0.05,0.05,5,1.1457735003097593,0.00017779721991395547,2.5299422458942072e-05,5,0.0001569787709387871,0.00020204727896744323
pure_adamw,scalar_grid,0.1,0.1,5,1.1456098042173524,0.00034149331232078415,3.046454569990029e-05,5,0.0003184478535798174,0.00038059243453170133
pure_adamw,scalar_grid,0.15,0.15,5,1.1454711137317688,0.0004801837979043988,6.404740127833053e-05,5,0.0004225272620799192,0.0005587561578983546
pure_adamw,scalar_grid,0.2,0.2,5,1.1453568902342683,0.000594407295404853,8.564335188864426e-05,5,0.0005385415191898613,0.0006910970148918949
pure_adamw,scalar_grid,0.25,0.25,5,1.145247775008793,0.0007035225208802398,9.10565045837705e-05,5,0.0006379185929865638,0.0008202136603707721
pure_adamw,scalar_grid,0.3,0.3,5,1.1451515933694592,0.0007997041602140875,0.00010328626357671395,5,0.0007150668224336076,0.0009310740772141557
pure_adamw,scalar_grid,0.35,0.35,5,1.1450947283986967,0.0008565691309765811,0.00011134617039787268,5,0.000752383072439633,0.0009891343263173091
pure_adamw,scalar_grid,0.4,0.4,5,1.1450507115838238,0.0009005859458496079,0.00013044415626748288,5,0.0007714572498294103,0.001059822437738056
pure_adamw,scalar_grid,0.45,0.45,5,1.1450199608330884,0.0009313366965849834,0.00014880893462475246,5,0.0007859597684831687,0.0011076321635961062
pure_adamw,scalar_grid,0.5,0.5,5,1.145006111188458,0.0009451863412151873,0.00016289642442783264,5,0.0007836120590820617,0.0011285070488584736
pure_adamw,scalar_grid,0.55,0.55,5,1.1450107182460354,0.0009405792836380211,0.00017741173718498752,5,0.0007660977476675601,0.0011465677880999614
pure_adamw,scalar_grid,0.6,0.6,5,1.1450490851200228,0.0009022124096503603,0.0001904251295048735,5,0.0007105576384829337,0.0011172109567176847
pure_adamw,scalar_grid,0.65,0.65,5,1.145091966700005,0.0008593308296682256,0.00021077517069288925,5,0.0006478332888466554,0.001099921920399094
pure_adamw,scalar_grid,0.7,0.7,5,1.1451617692122196,0.000789528317453847,0.00022118806175488935,5,0.0005740718292035485,0.0010387814764221126
pure_adamw,scalar_grid,0.75,0.75,5,1.145242784830431,0.0007085126992423252,0.00022962426785812915,5,0.0004903096578308119,0.0009787372712666276
pure_adamw,scalar_grid,0.8,0.8,5,1.1453466858964994,0.000604611633173846,0.00025542243261151193,5,0.0003506972862126201,0.0008974630228535396
pure_adamw,scalar_grid,0.85,0.85,5,1.1454705547844255,0.0004807427452476976,0.0002774154471533589,5,0.00021031836381202318,0.0008004720940355536
pure_adamw,scalar_grid,0.9,0.9,5,1.145612342348095,0.0003389551815780489,0.00029066844464956717,5,6.42969651605263e-05,0.0006796227368697227
pure_adamw,scalar_grid,0.95,0.95,5,1.1457640725347311,0.00018722499494208122,0.0003148464311907767,4,-0.00011693864202588777,0.0005526779038023122
pure_adamw,scalar_grid,1.0,1.0,5,1.1459379042446811,1.3393284992124777e-05,0.00032890955712637737,2,-0.00031088100402909546,0.00039291117374196105
